Workbook
Name North_Operation: tbl_Requirements2[Requirement]
Name North_Service: tbl_Requirements1[Requirement]
Name Slicer_Department: #N/A
Name Slicer_Frequancy: #N/A
Name Slicer_Requirement1: #N/A
Name South_Operation: tbl_Requirements2[Requirement]
Name South_Service: tbl_Requirements1[Requirement]

Sheet Lists
B1: رجاء عدم التعديل في أسماء الاعمدة يمكنك اضافة بيانات او التعديل على البيانات الموجودة في كل جدول | E1: North/South service
A3: # | B3: Requirement | C3: # | D3: Weekly Tasks | E3: # | F3: Monthly Tasks | G3: # | H3: Quartarly Tasks | K3: # | L3: Department | M3: Manager | P3: Year | Q3: Month | R3: Group | S3: Quarter | T3: Week | U3: Frequancy | V3: Check
A4: 1 | B4: SSSV | C4: 1 | D4: Chemical Inventory | E4: 1 | F4: Fire Monitor & Hose Reel | G4: 1 | H4: Hoist Crane | K4: 1 | L4: South_Service | M4: Amri, Abdulrahman A | P4: 2025 | Q4: January | R4: A | S4: 1st Quarter | T4: WK-1 | U4: Weekly | V4: TRUE
A5: 2 | B5: SSV | C5: 2 | D5: SCABA Practice | E5: 2 | F5: Scraper PZV & Car Seal | G5: 2 | H5: Wind Sock | K5: 2 | L5: North_Service | M5: Ghamdi, Anas K | P5: 2026 | Q5: February | R5: B | S5: 2nd Quarter | T5: WK-2 | U5: Monthly | V5: FALSE
A6: 3 | B6: WELI | C6: 3 | D6: SCABA Inspection | E6: 3 | F6: Scraper Area Checklist | G6: 3 | K6: 3 | L6: South_Operation | M6: Fuazan, Fawzi A | P6: 2027 | Q6: March | R6: C | S6: 3rd Quarter | T6: WK-3 | U6: Quarterly
A7: 4 | B7: WHIT/WHGR | C7: 4 | D7: Safety Communication Meeting | E7: 4 | G7: 4 | K7: 4 | L7: North_Operation | M7: Katheeri, Khalled A | P7: 2028 | Q7: April | S7: 4th Quarter | T7: WK-4
A8: 5 | B8: ANNLI | C8: 5 | E8: 5 | G8: 5 | P8: 2029 | Q8: May | T8: WK-5
A9: 6 | B9: ANSI | C9: 6 | E9: 6 | G9: 6 | P9: 2030 | Q9: June | T9: WK-6
A10: 7 | B10: Scraper | C10: 7 | E10: 7 | G10: 7 | P10: 2031 | Q10: July | T10: WK-7
A11: 8 | C11: 8 | E11: 8 | G11: 8 | P11: 2032 | Q11: August | T11: WK-8
A12: 9 | C12: 9 | E12: 9 | G12: 9 | P12: 2033 | Q12: September | T12: WK-9
A13: 10 | C13: 10 | E13: 10 | G13: 10 | P13: 2034 | Q13: October | T13: WK-10
P14: 2035 | Q14: November | T14: WK-11
P15: 2036 | Q15: December | T15: WK-12
P16: 2037 | T16: WK-13
P17: 2038 | T17: WK-14
P18: 2039 | T18: WK-15
P19: 2040 | T19: WK-16
T20: WK-17
T21: WK-18
T22: WK-19
T23: WK-20
T24: WK-21
T25: WK-22
T26: WK-23
T27: WK-24
E28: North/South Operation | T28: WK-25
T29: WK-26
T30: WK-27
A31: # | B31: Requirement | C31: # | D31: Weekly Tasks | E31: # | F31: Monthly Tasks | G31: # | H31: Quartarly Tasks | T31: WK-28
A32: 1 | B32: ICV Stroking | C32: 1 | D32: Chemical Inventory | E32: 1 | F32: FIRE EXTINGUISHERS & HOSE REEL | G32: 1 | H32: EMERGENCY DRILL | T32: WK-29
A33: 2 | B33: PDHMS | C33: 2 | D33: SCABA Practice | E33: 2 | F33: FIRE DETECTION & ALARM SYSTEIM | G33: 2 | T33: WK-30
A34: 3 | B34: Well Testing | C34: 3 | D34: SCABA Inspection | E34: 3 | F34: H2S & LEL | G34: 3 | T34: WK-31
A35: 4 | C35: 4 | D35: Safety Communication Meeting | E35: 4 | F35: Emergency Light | G35: 4 | T35: WK-32
A36: 5 | C36: 5 | D36: CIS Checklist | E36: 5 | F36: MPFM | G36: 5 | T36: WK-33
A37: 6 | C37: 6 | E37: 6 | F37: LOTO | G37: 6 | T37: WK-34
A38: 7 | C38: 7 | E38: 7 | F38: CHEMICAL RV | G38: 7 | T38: WK-35
A39: 8 | C39: 8 | E39: 8 | F39: CAR SEAL IMPLEMENTION | G39: 8 | T39: WK-36
A40: 9 | C40: 9 | E40: 9 | F40: SAB CHECKLIST | G40: 9 | T40: WK-37
A41: 10 | C41: 10 | E41: 10 | G41: 10 | T41: WK-38
T42: WK-39
T43: WK-40
T44: WK-41
T45: WK-42
T46: WK-43
T47: WK-44
T48: WK-45
T49: WK-46
T50: WK-47
T51: WK-48
T52: WK-49
T53: WK-50
... T55: WK-52

Sheet Total Annual Points
B1: Total Annual Points
B4: Department | C4: Requirement | D4: Year | E4: Month(Update) | F4: Total Annual Points | G4: Notes
B5: North_Operation | C5: ICV Stroking | D5: 2025
B6: North_Operation | C6: PDHMS | D6: 2025
B7: North_Operation | C7: Well Testing | D7: 2025
B8: North_Service | C8: SSSV | D8: 2025
B9: North_Service | C9: SSV | D9: 2025
B10: North_Service | C10: WELI | D10: 2025
B11: North_Service | C11: WHIT/WHGR | D11: 2025
B12: North_Service | C12: ANNLI | D12: 2025
B13: North_Service | C13: ANSI | D13: 2025
B14: North_Service | C14: Scraper | D14: 2025
B15: South_Operation | C15: ICV Stroking | D15: 2025
B16: South_Operation | C16: PDHMS | D16: 2025
... B24: South_Service | C24: Scraper | D24: 2025

Sheet South_Service
S2: =IFERROR(VLOOKUP(E16, Lists!$L$4:$M$7, 2, FALSE), "") -> Amri, Abdulrahman A
S3: ="South_Service" -> South_Service
E15: Department | F15: Manager | G15: Requirement | H15: Year | I15: Month | J15: Total Annual Points | K15: Monthly Target | L15: Completed | M15: Pending | N15: Notes | AC15: Department | AD15: Manager | AE15: Task | AF15: Frequancy | AG15: Period | AH15: Group | AI15: Completed (✔/✖) | AJ15: Notes | BA15: Department | BB15: Manager | BC15: Task | BD15: Frequancy | BE15: Period | BF15: Group | BG15: Completed (✔/✖) | BH15: Notes | BW15: Department | BX15: Manager | BY15: Task | BZ15: Frequancy | CA15: Period | CB15: Group | CC15: Completed (✔/✖) | CD15: Notes
E16: =$S$3 -> South_Service | F16: =IFERROR(VLOOKUP(SSR[[#This Row],[Department]], Lists!$L$4:$M$7, 2, FALSE), "") -> Amri, Abdulrahman A | G16: ANNLI | H16: 2025 | I16: January | J16: {=IFERROR( LOOKUP( 2,1/( ('Total Annual Points'!$B$5:$B$1000=E16)* ('Total Annual Points'!$C$5:$C$1000=G16)* ('Total Annual Points'!$D$5:$D$1000=H16)* (MATCH('Total Annual Points'!$E$5:$E$1000,{"January","February","March","April","May","June","July","August","September","October","November","December"},0) <=MATCH(I16,{"January","February","March","April","May","June","July","August","September","October","November","December"},0)) ), 'Total Annual Points'!$F$5:$F$1000 ), "")} | M16: =South_Service!$K16-South_Service!$L16 -> 0 | AC16: =$S$3 -> South_Service | AD16: =IFERROR(VLOOKUP(SSW[[#This Row],[Department]], Lists!$L$4:$M$7, 2, FALSE), "") -> Amri, Abdulrahman A | AE16: Chemical Inventory | AF16: Weekly | AG16: WK-1 | AH16: A | AI16: FALSE | BA16: =$S$3 -> South_Service | BB16: =IFERROR(VLOOKUP(SSM[[#This Row],[Department]], Lists!$L$4:$M$7, 2, FALSE), "") -> Amri, Abdulrahman A | BC16: Fire Monitor & Hose Reel | BD16: Monthly | BE16: January | BF16: A | BG16: FALSE | BW16: =$S$3 -> South_Service | BX16: =IFERROR(VLOOKUP(SSQ[[#This Row],[Department]], Lists!$L$4:$M$7, 2, FALSE), "") -> Amri, Abdulrahman A | BY16: Hoist Crane | BZ16: Quarterly | CA16: 1st Quarter | CB16: A | CC16: FALSE
E17: =$S$3 -> South_Service | F17: =IFERROR(VLOOKUP(SSR[[#This Row],[Department]], Lists!$L$4:$M$7, 2, FALSE), "") -> Amri, Abdulrahman A | G17: ANNLI | H17: 2025 | I17: February | J17: {=IFERROR( LOOKUP( 2,1/( ('Total Annual Points'!$B$5:$B$1000=E17)* ('Total Annual Points'!$C$5:$C$1000=G17)* ('Total Annual Points'!$D$5:$D$1000=H17)* (MATCH('Total Annual Points'!$E$5:$E$1000,{"January","February","March","April","May","June","July","August","September","October","November","December"},0) <=MATCH(I17,{"January","February","March","April","May","June","July","August","September","October","November","December"},0)) ), 'Total Annual Points'!$F$5:$F$1000 ), "")} | M17: =South_Service!$K17-South_Service!$L17 -> 0 | AC17: =$S$3 -> South_Service | AD17: =IFERROR(VLOOKUP(SSW[[#This Row],[Department]], Lists!$L$4:$M$7, 2, FALSE), "") -> Amri, Abdulrahman A | AE17: Chemical Inventory | AF17: Weekly | AG17: WK-2 | AH17: B | AI17: FALSE | BA17: =$S$3 -> South_Service | BB17: =IFERROR(VLOOKUP(SSM[[#This Row],[Department]], Lists!$L$4:$M$7, 2, FALSE), "") -> Amri, Abdulrahman A | BC17: Fire Monitor & Hose Reel | BD17: Monthly | BE17: February | BF17: B | BG17: FALSE | BW17: =$S$3 -> South_Service | BX17: =IFERROR(VLOOKUP(SSQ[[#This Row],[Department]], Lists!$L$4:$M$7, 2, FALSE), "") -> Amri, Abdulrahman A | BY17: Hoist Crane | BZ17: Quarterly | CA17: 2nd Quarter | CB17: B | CC17: FALSE
E18: =$S$3 -> South_Service | F18: =IFERROR(VLOOKUP(SSR[[#This Row],[Department]], Lists!$L$4:$M$7, 2, FALSE), "") -> Amri, Abdulrahman A | G18: ANNLI | H18: 2025 | I18: March | J18: {=IFERROR( LOOKUP( 2,1/( ('Total Annual Points'!$B$5:$B$1000=E18)* ('Total Annual Points'!$C$5:$C$1000=G18)* ('Total Annual Points'!$D$5:$D$1000=H18)* (MATCH('Total Annual Points'!$E$5:$E$1000,{"January","February","March","April","May","June","July","August","September","October","November","December"},0) <=MATCH(I18,{"January","February","March","April","May","June","July","August","September","October","November","December"},0)) ), 'Total Annual Points'!$F$5:$F$1000 ), "")} | M18: =South_Service!$K18-South_Service!$L18 -> 0 | AC18: =$S$3 -> South_Service | AD18: =$S$2 -> Amri, Abdulrahman A | AE18: Chemical Inventory | AF18: Weekly | AG18: WK-3 | AH18: C | AI18: FALSE | BA18: =$S$3 -> South_Service | BB18: =IFERROR(VLOOKUP(SSM[[#This Row],[Department]], Lists!$L$4:$M$7, 2, FALSE), "") -> Amri, Abdulrahman A | BC18: Fire Monitor & Hose Reel | BD18: Monthly | BE18: March | BF18: C | BG18: FALSE | BW18: =$S$3 -> South_Service | BX18: =IFERROR(VLOOKUP(SSQ[[#This Row],[Department]], Lists!$L$4:$M$7, 2, FALSE), "") -> Amri, Abdulrahman A | BY18: Hoist Crane | BZ18: Quarterly | CA18: 3rd Quarter | CB18: C | CC18: FALSE
E19: =$S$3 -> South_Service | F19: =IFERROR(VLOOKUP(SSR[[#This Row],[Department]], Lists!$L$4:$M$7, 2, FALSE), "") -> Amri, Abdulrahman A | G19: ANNLI | H19: 2025 | I19: April | J19: {=IFERROR( LOOKUP( 2,1/( ('Total Annual Points'!$B$5:$B$1000=E19)* ('Total Annual Points'!$C$5:$C$1000=G19)* ('Total Annual Points'!$D$5:$D$1000=H19)* (MATCH('Total Annual Points'!$E$5:$E$1000,{"January","February","March","April","May","June","July","August","September","October","November","December"},0) <=MATCH(I19,{"January","February","March","April","May","June","July","August","September","October","November","December"},0)) ), 'Total Annual Points'!$F$5:$F$1000 ), "")} | M19: =South_Service!$K19-South_Service!$L19 -> 0 | AC19: =$S$3 -> South_Service | AD19: =IFERROR(VLOOKUP(SSW[[#This Row],[Department]], Lists!$L$4:$M$7, 2, FALSE), "") -> Amri, Abdulrahman A | AE19: Chemical Inventory | AF19: Weekly | AG19: WK-4 | AH19: A | AI19: FALSE | BA19: =$S$3 -> South_Service | BB19: =IFERROR(VLOOKUP(SSM[[#This Row],[Department]], Lists!$L$4:$M$7, 2, FALSE), "") -> Amri, Abdulrahman A | BC19: Fire Monitor & Hose Reel | BD19: Monthly | BE19: April | BF19: A | BG19: FALSE | BW19: =$S$3 -> South_Service | BX19: =IFERROR(VLOOKUP(SSQ[[#This Row],[Department]], Lists!$L$4:$M$7, 2, FALSE), "") -> Amri, Abdulrahman A | BY19: Hoist Crane | BZ19: Quarterly | CA19: 4th Quarter | CB19: A | CC19: FALSE
E20: =$S$3 -> South_Service | F20: =IFERROR(VLOOKUP(SSR[[#This Row],[Department]], Lists!$L$4:$M$7, 2, FALSE), "") -> Amri, Abdulrahman A | G20: ANNLI | H20: 2025 | I20: May | J20: {=IFERROR( LOOKUP( 2,1/( ('Total Annual Points'!$B$5:$B$1000=E20)* ('Total Annual Points'!$C$5:$C$1000=G20)* ('Total Annual Points'!$D$5:$D$1000=H20)* (MATCH('Total Annual Points'!$E$5:$E$1000,{"January","February","March","April","May","June","July","August","September","October","November","December"},0) <=MATCH(I20,{"January","February","March","April","May","June","July","August","September","October","November","December"},0)) ), 'Total Annual Points'!$F$5:$F$1000 ), "")} | M20: =South_Service!$K20-South_Service!$L20 -> 0 | AC20: =$S$3 -> South_Service | AD20: =IFERROR(VLOOKUP(SSW[[#This Row],[Department]], Lists!$L$4:$M$7, 2, FALSE), "") -> Amri, Abdulrahman A | AE20: Chemical Inventory | AF20: Weekly | AG20: WK-5 | AH20: B | AI20: FALSE | BA20: =$S$3 -> South_Service | BB20: =IFERROR(VLOOKUP(SSM[[#This Row],[Department]], Lists!$L$4:$M$7, 2, FALSE), "") -> Amri, Abdulrahman A | BC20: Fire Monitor & Hose Reel | BD20: Monthly | BE20: May | BF20: B | BG20: FALSE | BW20: =$S$3 -> South_Service | BX20: =IFERROR(VLOOKUP(SSQ[[#This Row],[Department]], Lists!$L$4:$M$7, 2, FALSE), "") -> Amri, Abdulrahman A | BY20: Wind Sock | BZ20: Quarterly | CA20: 1st Quarter | CB20: A | CC20: FALSE
E21: =$S$3 -> South_Service | F21: =IFERROR(VLOOKUP(SSR[[#This Row],[Department]], Lists!$L$4:$M$7, 2, FALSE), "") -> Amri, Abdulrahman A | G21: ANNLI | H21: 2025 | I21: June | J21: {=IFERROR( LOOKUP( 2,1/( ('Total Annual Points'!$B$5:$B$1000=E21)* ('Total Annual Points'!$C$5:$C$1000=G21)* ('Total Annual Points'!$D$5:$D$1000=H21)* (MATCH('Total Annual Points'!$E$5:$E$1000,{"January","February","March","April","May","June","July","August","September","October","November","December"},0) <=MATCH(I21,{"January","February","March","April","May","June","July","August","September","October","November","December"},0)) ), 'Total Annual Points'!$F$5:$F$1000 ), "")} | M21: =South_Service!$K21-South_Service!$L21 -> 0 | AC21: =$S$3 -> South_Service | AD21: =IFERROR(VLOOKUP(SSW[[#This Row],[Department]], Lists!$L$4:$M$7, 2, FALSE), "") -> Amri, Abdulrahman A | AE21: Chemical Inventory | AF21: Weekly | AG21: WK-6 | AH21: C | AI21: FALSE | BA21: =$S$3 -> South_Service | BB21: =IFERROR(VLOOKUP(SSM[[#This Row],[Department]], Lists!$L$4:$M$7, 2, FALSE), "") -> Amri, Abdulrahman A | BC21: Fire Monitor & Hose Reel | BD21: Monthly | BE21: June | BF21: C | BG21: FALSE | BW21: =$S$3 -> South_Service | BX21: =IFERROR(VLOOKUP(SSQ[[#This Row],[Department]], Lists!$L$4:$M$7, 2, FALSE), "") -> Amri, Abdulrahman A | BY21: Wind Sock | BZ21: Quarterly | CA21: 2nd Quarter | CB21: B | CC21: FALSE
E22: =$S$3 -> South_Service | F22: =IFERROR(VLOOKUP(SSR[[#This Row],[Department]], Lists!$L$4:$M$7, 2, FALSE), "") -> Amri, Abdulrahman A | G22: ANNLI | H22: 2025 | I22: July | J22: {=IFERROR( LOOKUP( 2,1/( ('Total Annual Points'!$B$5:$B$1000=E22)* ('Total Annual Points'!$C$5:$C$1000=G22)* ('Total Annual Points'!$D$5:$D$1000=H22)* (MATCH('Total Annual Points'!$E$5:$E$1000,{"January","February","March","April","May","June","July","August","September","October","November","December"},0) <=MATCH(I22,{"January","February","March","April","May","June","July","August","September","October","November","December"},0)) ), 'Total Annual Points'!$F$5:$F$1000 ), "")} | M22: =South_Service!$K22-South_Service!$L22 -> 0 | AC22: =$S$3 -> South_Service | AD22: =IFERROR(VLOOKUP(SSW[[#This Row],[Department]], Lists!$L$4:$M$7, 2, FALSE), "") -> Amri, Abdulrahman A | AE22: Chemical Inventory | AF22: Weekly | AG22: WK-7 | AH22: A | AI22: FALSE | BA22: =$S$3 -> South_Service | BB22: =IFERROR(VLOOKUP(SSM[[#This Row],[Department]], Lists!$L$4:$M$7, 2, FALSE), "") -> Amri, Abdulrahman A | BC22: Fire Monitor & Hose Reel | BD22: Monthly | BE22: July | BF22: A | BG22: FALSE | BW22: =$S$3 -> South_Service | BX22: =IFERROR(VLOOKUP(SSQ[[#This Row],[Department]], Lists!$L$4:$M$7, 2, FALSE), "") -> Amri, Abdulrahman A | BY22: Wind Sock | BZ22: Quarterly | CA22: 3rd Quarter | CB22: C | CC22: FALSE
E23: =$S$3 -> South_Service | F23: =IFERROR(VLOOKUP(SSR[[#This Row],[Department]], Lists!$L$4:$M$7, 2, FALSE), "") -> Amri, Abdulrahman A | G23: ANNLI | H23: 2025 | I23: August | J23: {=IFERROR( LOOKUP( 2,1/( ('Total Annual Points'!$B$5:$B$1000=E23)* ('Total Annual Points'!$C$5:$C$1000=G23)* ('Total Annual Points'!$D$5:$D$1000=H23)* (MATCH('Total Annual Points'!$E$5:$E$1000,{"January","February","March","April","May","June","July","August","September","October","November","December"},0) <=MATCH(I23,{"January","February","March","April","May","June","July","August","September","October","November","December"},0)) ), 'Total Annual Points'!$F$5:$F$1000 ), "")} | M23: =South_Service!$K23-South_Service!$L23 -> 0 | AC23: =$S$3 -> South_Service | AD23: =IFERROR(VLOOKUP(SSW[[#This Row],[Department]], Lists!$L$4:$M$7, 2, FALSE), "") -> Amri, Abdulrahman A | AE23: Chemical Inventory | AF23: Weekly | AG23: WK-8 | AH23: B | AI23: FALSE | BA23: =$S$3 -> South_Service | BB23: =IFERROR(VLOOKUP(SSM[[#This Row],[Department]], Lists!$L$4:$M$7, 2, FALSE), "") -> Amri, Abdulrahman A | BC23: Fire Monitor & Hose Reel | BD23: Monthly | BE23: August | BF23: B | BG23: FALSE | BW23: =$S$3 -> South_Service | BX23: =IFERROR(VLOOKUP(SSQ[[#This Row],[Department]], Lists!$L$4:$M$7, 2, FALSE), "") -> Amri, Abdulrahman A | BY23: Wind Sock | BZ23: Quarterly | CA23: 4th Quarter | CB23: A | CC23: FALSE
E24: =$S$3 -> South_Service | F24: =IFERROR(VLOOKUP(SSR[[#This Row],[Department]], Lists!$L$4:$M$7, 2, FALSE), "") -> Amri, Abdulrahman A | G24: ANNLI | H24: 2025 | I24: September | J24: {=IFERROR( LOOKUP( 2,1/( ('Total Annual Points'!$B$5:$B$1000=E24)* ('Total Annual Points'!$C$5:$C$1000=G24)* ('Total Annual Points'!$D$5:$D$1000=H24)* (MATCH('Total Annual Points'!$E$5:$E$1000,{"January","February","March","April","May","June","July","August","September","October","November","December"},0) <=MATCH(I24,{"January","February","March","April","May","June","July","August","September","October","November","December"},0)) ), 'Total Annual Points'!$F$5:$F$1000 ), "")} | M24: =South_Service!$K24-South_Service!$L24 -> 0 | AC24: =$S$3 -> South_Service | AD24: =IFERROR(VLOOKUP(SSW[[#This Row],[Department]], Lists!$L$4:$M$7, 2, FALSE), "") -> Amri, Abdulrahman A | AE24: Chemical Inventory | AF24: Weekly | AG24: WK-9 | AH24: C | AI24: FALSE | BA24: =$S$3 -> South_Service | BB24: =IFERROR(VLOOKUP(SSM[[#This Row],[Department]], Lists!$L$4:$M$7, 2, FALSE), "") -> Amri, Abdulrahman A | BC24: Fire Monitor & Hose Reel | BD24: Monthly | BE24: September | BF24: C | BG24: FALSE | BW24: =$S$3 -> South_Service | BX24: =IFERROR(VLOOKUP(SSQ[[#This Row],[Department]], Lists!$L$4:$M$7, 2, FALSE), "")
E25: =$S$3 -> South_Service | F25: =IFERROR(VLOOKUP(SSR[[#This Row],[Department]], Lists!$L$4:$M$7, 2, FALSE), "") -> Amri, Abdulrahman A | G25: ANNLI | H25: 2025 | I25: October | J25: {=IFERROR( LOOKUP( 2,1/( ('Total Annual Points'!$B$5:$B$1000=E25)* ('Total Annual Points'!$C$5:$C$1000=G25)* ('Total Annual Points'!$D$5:$D$1000=H25)* (MATCH('Total Annual Points'!$E$5:$E$1000,{"January","February","March","April","May","June","July","August","September","October","November","December"},0) <=MATCH(I25,{"January","February","March","April","May","June","July","August","September","October","November","December"},0)) ), 'Total Annual Points'!$F$5:$F$1000 ), "")} | M25: =South_Service!$K25-South_Service!$L25 -> 0 | AC25: =$S$3 -> South_Service | AD25: =IFERROR(VLOOKUP(SSW[[#This Row],[Department]], Lists!$L$4:$M$7, 2, FALSE), "") -> Amri, Abdulrahman A | AE25: Chemical Inventory | AF25: Weekly | AG25: WK-10 | AH25: A | AI25: FALSE | BA25: =$S$3 -> South_Service | BB25: =IFERROR(VLOOKUP(SSM[[#This Row],[Department]], Lists!$L$4:$M$7, 2, FALSE), "") -> Amri, Abdulrahman A | BC25: Fire Monitor & Hose Reel | BD25: Monthly | BE25: October | BF25: A | BG25: FALSE | BW25: =$S$3 -> South_Service | BX25: =IFERROR(VLOOKUP(SSQ[[#This Row],[Department]], Lists!$L$4:$M$7, 2, FALSE), "")
E26: =$S$3 -> South_Service | F26: =IFERROR(VLOOKUP(SSR[[#This Row],[Department]], Lists!$L$4:$M$7, 2, FALSE), "") -> Amri, Abdulrahman A | G26: ANNLI | H26: 2025 | I26: November | J26: {=IFERROR( LOOKUP( 2,1/( ('Total Annual Points'!$B$5:$B$1000=E26)* ('Total Annual Points'!$C$5:$C$1000=G26)* ('Total Annual Points'!$D$5:$D$1000=H26)* (MATCH('Total Annual Points'!$E$5:$E$1000,{"January","February","March","April","May","June","July","August","September","October","November","December"},0) <=MATCH(I26,{"January","February","March","April","May","June","July","August","September","October","November","December"},0)) ), 'Total Annual Points'!$F$5:$F$1000 ), "")} | M26: =South_Service!$K26-South_Service!$L26 -> 0 | AC26: =$S$3 -> South_Service | AD26: =IFERROR(VLOOKUP(SSW[[#This Row],[Department]], Lists!$L$4:$M$7, 2, FALSE), "") -> Amri, Abdulrahman A | AE26: Chemical Inventory | AF26: Weekly | AG26: WK-11 | AH26: B | AI26: FALSE | BA26: =$S$3 -> South_Service | BB26: =IFERROR(VLOOKUP(SSM[[#This Row],[Department]], Lists!$L$4:$M$7, 2, FALSE), "") -> Amri, Abdulrahman A | BC26: Fire Monitor & Hose Reel | BD26: Monthly | BE26: November | BF26: B | BG26: FALSE | BW26: =$S$3 -> South_Service | BX26: =IFERROR(VLOOKUP(SSQ[[#This Row],[Department]], Lists!$L$4:$M$7, 2, FALSE), "")
E27: =$S$3 -> South_Service | F27: =IFERROR(VLOOKUP(SSR[[#This Row],[Department]], Lists!$L$4:$M$7, 2, FALSE), "") -> Amri, Abdulrahman A | G27: ANNLI | H27: 2025 | I27: December | J27: {=IFERROR( LOOKUP( 2,1/( ('Total Annual Points'!$B$5:$B$1000=E27)* ('Total Annual Points'!$C$5:$C$1000=G27)* ('Total Annual Points'!$D$5:$D$1000=H27)* (MATCH('Total Annual Points'!$E$5:$E$1000,{"January","February","March","April","May","June","July","August","September","October","November","December"},0) <=MATCH(I27,{"January","February","March","April","May","June","July","August","September","October","November","December"},0)) ), 'Total Annual Points'!$F$5:$F$1000 ), "")} | M27: =South_Service!$K27-South_Service!$L27 -> 0 | AC27: =$S$3 -> South_Service | AD27: =IFERROR(VLOOKUP(SSW[[#This Row],[Department]], Lists!$L$4:$M$7, 2, FALSE), "") -> Amri, Abdulrahman A | AE27: Chemical Inventory | AF27: Weekly | AG27: WK-12 | AH27: A | AI27: FALSE | BA27: =$S$3 -> South_Service | BB27: =IFERROR(VLOOKUP(SSM[[#This Row],[Department]], Lists!$L$4:$M$7, 2, FALSE), "") -> Amri, Abdulrahman A | BC27: Fire Monitor & Hose Reel | BD27: Monthly | BE27: December | BF27: C | BG27: FALSE | BW27: =$S$3 -> South_Service | BX27: =IFERROR(VLOOKUP(SSQ[[#This Row],[Department]], Lists!$L$4:$M$7, 2, FALSE), "")
E28: =$S$3 -> South_Service | F28: =IFERROR(VLOOKUP(SSR[[#This Row],[Department]], Lists!$L$4:$M$7, 2, FALSE), "") -> Amri, Abdulrahman A | G28: ANSI | H28: 2025 | I28: January | J28: {=IFERROR( LOOKUP( 2,1/( ('Total Annual Points'!$B$5:$B$1000=E28)* ('Total Annual Points'!$C$5:$C$1000=G28)* ('Total Annual Points'!$D$5:$D$1000=H28)* (MATCH('Total Annual Points'!$E$5:$E$1000,{"January","February","March","April","May","June","July","August","September","October","November","December"},0) <=MATCH(I28,{"January","February","March","April","May","June","July","August","September","October","November","December"},0)) ), 'Total Annual Points'!$F$5:$F$1000 ), "")} | M28: =South_Service!$K28-South_Service!$L28 -> 0 | AC28: =$S$3 -> South_Service | AD28: =IFERROR(VLOOKUP(SSW[[#This Row],[Department]], Lists!$L$4:$M$7, 2, FALSE), "") -> Amri, Abdulrahman A | AE28: Chemical Inventory | AF28: Weekly | AG28: WK-13 | AH28: B | AI28: FALSE | BA28: =$S$3 -> South_Service | BB28: =IFERROR(VLOOKUP(SSM[[#This Row],[Department]], Lists!$L$4:$M$7, 2, FALSE), "") -> Amri, Abdulrahman A | BC28: Scraper Area Checklist | BD28: Monthly | BE28: January | BF28: A | BG28: FALSE | BW28: =$S$3 -> South_Service | BX28: =IFERROR(VLOOKUP(SSQ[[#This Row],[Department]], Lists!$L$4:$M$7, 2, FALSE), "")
E29: =$S$3 -> South_Service | F29: =IFERROR(VLOOKUP(SSR[[#This Row],[Department]], Lists!$L$4:$M$7, 2, FALSE), "") -> Amri, Abdulrahman A | G29: ANSI | H29: 2025 | I29: February | J29: {=IFERROR( LOOKUP( 2,1/( ('Total Annual Points'!$B$5:$B$1000=E29)* ('Total Annual Points'!$C$5:$C$1000=G29)* ('Total Annual Points'!$D$5:$D$1000=H29)* (MATCH('Total Annual Points'!$E$5:$E$1000,{"January","February","March","April","May","June","July","August","September","October","November","December"},0) <=MATCH(I29,{"January","February","March","April","May","June","July","August","September","October","November","December"},0)) ), 'Total Annual Points'!$F$5:$F$1000 ), "")} | M29: =South_Service!$K29-South_Service!$L29 -> 0 | AC29: =$S$3 -> South_Service | AD29: =IFERROR(VLOOKUP(SSW[[#This Row],[Department]], Lists!$L$4:$M$7, 2, FALSE), "") -> Amri, Abdulrahman A | AE29: Chemical Inventory | AF29: Weekly | AG29: WK-14 | AH29: C | AI29: FALSE | BA29: =$S$3 -> South_Service | BB29: =IFERROR(VLOOKUP(SSM[[#This Row],[Department]], Lists!$L$4:$M$7, 2, FALSE), "") -> Amri, Abdulrahman A | BC29: Scraper Area Checklist | BD29: Monthly | BE29: February | BF29: B | BG29: FALSE | BW29: =$S$3 -> South_Service | BX29: =IFERROR(VLOOKUP(SSQ[[#This Row],[Department]], Lists!$L$4:$M$7, 2, FALSE), "")
E30: =$S$3 -> South_Service | F30: =IFERROR(VLOOKUP(SSR[[#This Row],[Department]], Lists!$L$4:$M$7, 2, FALSE), "") -> Amri, Abdulrahman A | G30: ANSI | H30: 2025 | I30: March | J30: {=IFERROR( LOOKUP( 2,1/( ('Total Annual Points'!$B$5:$B$1000=E30)* ('Total Annual Points'!$C$5:$C$1000=G30)* ('Total Annual Points'!$D$5:$D$1000=H30)* (MATCH('Total Annual Points'!$E$5:$E$1000,{"January","February","March","April","May","June","July","August","September","October","November","December"},0) <=MATCH(I30,{"January","February","March","April","May","June","July","August","September","October","November","December"},0)) ), 'Total Annual Points'!$F$5:$F$1000 ), "")} | M30: =South_Service!$K30-South_Service!$L30 -> 0 | AC30: =$S$3 -> South_Service | AD30: =IFERROR(VLOOKUP(SSW[[#This Row],[Department]], Lists!$L$4:$M$7, 2, FALSE), "") -> Amri, Abdulrahman A | AE30: Chemical Inventory | AF30: Weekly | AG30: WK-15 | AH30: A | AI30: FALSE | BA30: =$S$3 -> South_Service | BB30: =IFERROR(VLOOKUP(SSM[[#This Row],[Department]], Lists!$L$4:$M$7, 2, FALSE), "") -> Amri, Abdulrahman A | BC30: Scraper Area Checklist | BD30: Monthly | BE30: March | BF30: C | BG30: FALSE | BW30: =$S$3 -> South_Service | BX30: =IFERROR(VLOOKUP(SSQ[[#This Row],[Department]], Lists!$L$4:$M$7, 2, FALSE), "")
E31: =$S$3 -> South_Service | F31: =IFERROR(VLOOKUP(SSR[[#This Row],[Department]], Lists!$L$4:$M$7, 2, FALSE), "") -> Amri, Abdulrahman A | G31: ANSI | H31: 2025 | I31: April | J31: {=IFERROR( LOOKUP( 2,1/( ('Total Annual Points'!$B$5:$B$1000=E31)* ('Total Annual Points'!$C$5:$C$1000=G31)* ('Total Annual Points'!$D$5:$D$1000=H31)* (MATCH('Total Annual Points'!$E$5:$E$1000,{"January","February","March","April","May","June","July","August","September","October","November","December"},0) <=MATCH(I31,{"January","February","March","April","May","June","July","August","September","October","November","December"},0)) ), 'Total Annual Points'!$F$5:$F$1000 ), "")} | M31: =South_Service!$K31-South_Service!$L31 -> 0 | AC31: =$S$3 -> South_Service | AD31: =IFERROR(VLOOKUP(SSW[[#This Row],[Department]], Lists!$L$4:$M$7, 2, FALSE), "") -> Amri, Abdulrahman A | AE31: Chemical Inventory | AF31: Weekly | AG31: WK-16 | AH31: B | AI31: FALSE | BA31: =$S$3 -> South_Service | BB31: =IFERROR(VLOOKUP(SSM[[#This Row],[Department]], Lists!$L$4:$M$7, 2, FALSE), "") -> Amri, Abdulrahman A | BC31: Scraper Area Checklist | BD31: Monthly | BE31: April | BF31: A | BG31: FALSE | BW31: =$S$3 -> South_Service | BX31: =IFERROR(VLOOKUP(SSQ[[#This Row],[Department]], Lists!$L$4:$M$7, 2, FALSE), "")
E32: =$S$3 -> South_Service | F32: =IFERROR(VLOOKUP(SSR[[#This Row],[Department]], Lists!$L$4:$M$7, 2, FALSE), "") -> Amri, Abdulrahman A | G32: ANSI | H32: 2025 | I32: May | J32: {=IFERROR( LOOKUP( 2,1/( ('Total Annual Points'!$B$5:$B$1000=E32)* ('Total Annual Points'!$C$5:$C$1000=G32)* ('Total Annual Points'!$D$5:$D$1000=H32)* (MATCH('Total Annual Points'!$E$5:$E$1000,{"January","February","March","April","May","June","July","August","September","October","November","December"},0) <=MATCH(I32,{"January","February","March","April","May","June","July","August","September","October","November","December"},0)) ), 'Total Annual Points'!$F$5:$F$1000 ), "")} | M32: =South_Service!$K32-South_Service!$L32 -> 0 | AC32: =$S$3 -> South_Service | AD32: =IFERROR(VLOOKUP(SSW[[#This Row],[Department]], Lists!$L$4:$M$7, 2, FALSE), "") -> Amri, Abdulrahman A | AE32: Chemical Inventory | AF32: Weekly | AG32: WK-17 | AH32: C | AI32: FALSE | BA32: =$S$3 -> South_Service | BB32: =IFERROR(VLOOKUP(SSM[[#This Row],[Department]], Lists!$L$4:$M$7, 2, FALSE), "") -> Amri, Abdulrahman A | BC32: Scraper Area Checklist | BD32: Monthly | BE32: May | BF32: B | BG32: FALSE | BW32: =$S$3 -> South_Service | BX32: =IFERROR(VLOOKUP(SSQ[[#This Row],[Department]], Lists!$L$4:$M$7, 2, FALSE), "")
E33: =$S$3 -> South_Service | F33: =IFERROR(VLOOKUP(SSR[[#This Row],[Department]], Lists!$L$4:$M$7, 2, FALSE), "") -> Amri, Abdulrahman A | G33: ANSI | H33: 2025 | I33: June | J33: {=IFERROR( LOOKUP( 2,1/( ('Total Annual Points'!$B$5:$B$1000=E33)* ('Total Annual Points'!$C$5:$C$1000=G33)* ('Total Annual Points'!$D$5:$D$1000=H33)* (MATCH('Total Annual Points'!$E$5:$E$1000,{"January","February","March","April","May","June","July","August","September","October","November","December"},0) <=MATCH(I33,{"January","February","March","April","May","June","July","August","September","October","November","December"},0)) ), 'Total Annual Points'!$F$5:$F$1000 ), "")} | M33: =South_Service!$K33-South_Service!$L33 -> 0 | AC33: =$S$3 -> South_Service | AD33: =IFERROR(VLOOKUP(SSW[[#This Row],[Department]], Lists!$L$4:$M$7, 2, FALSE), "") -> Amri, Abdulrahman A | AE33: Chemical Inventory | AF33: Weekly | AG33: WK-18 | AH33: A | AI33: FALSE | BA33: =$S$3 -> South_Service | BB33: =IFERROR(VLOOKUP(SSM[[#This Row],[Department]], Lists!$L$4:$M$7, 2, FALSE), "") -> Amri, Abdulrahman A | BC33: Scraper Area Checklist | BD33: Monthly | BE33: June | BF33: C | BG33: FALSE
E34: =$S$3 -> South_Service | F34: =IFERROR(VLOOKUP(SSR[[#This Row],[Department]], Lists!$L$4:$M$7, 2, FALSE), "") -> Amri, Abdulrahman A | G34: ANSI | H34: 2025 | I34: July | J34: {=IFERROR( LOOKUP( 2,1/( ('Total Annual Points'!$B$5:$B$1000=E34)* ('Total Annual Points'!$C$5:$C$1000=G34)* ('Total Annual Points'!$D$5:$D$1000=H34)* (MATCH('Total Annual Points'!$E$5:$E$1000,{"January","February","March","April","May","June","July","August","September","October","November","December"},0) <=MATCH(I34,{"January","February","March","April","May","June","July","August","September","October","November","December"},0)) ), 'Total Annual Points'!$F$5:$F$1000 ), "")} | M34: =South_Service!$K34-South_Service!$L34 -> 0 | AC34: =$S$3 -> South_Service | AD34: =IFERROR(VLOOKUP(SSW[[#This Row],[Department]], Lists!$L$4:$M$7, 2, FALSE), "") -> Amri, Abdulrahman A | AE34: Chemical Inventory | AF34: Weekly | AG34: WK-19 | AH34: B | AI34: FALSE | BA34: =$S$3 -> South_Service | BB34: =IFERROR(VLOOKUP(SSM[[#This Row],[Department]], Lists!$L$4:$M$7, 2, FALSE), "") -> Amri, Abdulrahman A | BC34: Scraper Area Checklist | BD34: Monthly | BE34: July | BF34: A | BG34: FALSE
E35: =$S$3 -> South_Service | F35: =IFERROR(VLOOKUP(SSR[[#This Row],[Department]], Lists!$L$4:$M$7, 2, FALSE), "") -> Amri, Abdulrahman A | G35: ANSI | H35: 2025 | I35: August | J35: {=IFERROR( LOOKUP( 2,1/( ('Total Annual Points'!$B$5:$B$1000=E35)* ('Total Annual Points'!$C$5:$C$1000=G35)* ('Total Annual Points'!$D$5:$D$1000=H35)* (MATCH('Total Annual Points'!$E$5:$E$1000,{"January","February","March","April","May","June","July","August","September","October","November","December"},0) <=MATCH(I35,{"January","February","March","April","May","June","July","August","September","October","November","December"},0)) ), 'Total Annual Points'!$F$5:$F$1000 ), "")} | M35: =South_Service!$K35-South_Service!$L35 -> 0 | AC35: =$S$3 -> South_Service | AD35: =IFERROR(VLOOKUP(SSW[[#This Row],[Department]], Lists!$L$4:$M$7, 2, FALSE), "") -> Amri, Abdulrahman A | AE35: Chemical Inventory | AF35: Weekly | AG35: WK-20 | AH35: C | AI35: FALSE | BA35: =$S$3 -> South_Service | BB35: =IFERROR(VLOOKUP(SSM[[#This Row],[Department]], Lists!$L$4:$M$7, 2, FALSE), "") -> Amri, Abdulrahman A | BC35: Scraper Area Checklist | BD35: Monthly | BE35: August | BF35: B | BG35: FALSE
E36: =$S$3 -> South_Service | F36: =IFERROR(VLOOKUP(SSR[[#This Row],[Department]], Lists!$L$4:$M$7, 2, FALSE), "") -> Amri, Abdulrahman A | G36: ANSI | H36: 2025 | I36: September | J36: {=IFERROR( LOOKUP( 2,1/( ('Total Annual Points'!$B$5:$B$1000=E36)* ('Total Annual Points'!$C$5:$C$1000=G36)* ('Total Annual Points'!$D$5:$D$1000=H36)* (MATCH('Total Annual Points'!$E$5:$E$1000,{"January","February","March","April","May","June","July","August","September","October","November","December"},0) <=MATCH(I36,{"January","February","March","April","May","June","July","August","September","October","November","December"},0)) ), 'Total Annual Points'!$F$5:$F$1000 ), "")} | M36: =South_Service!$K36-South_Service!$L36 -> 0 | AC36: =$S$3 -> South_Service | AD36: =IFERROR(VLOOKUP(SSW[[#This Row],[Department]], Lists!$L$4:$M$7, 2, FALSE), "") -> Amri, Abdulrahman A | AE36: Chemical Inventory | AF36: Weekly | AG36: WK-21 | AH36: A | AI36: FALSE | BA36: =$S$3 -> South_Service | BB36: =IFERROR(VLOOKUP(SSM[[#This Row],[Department]], Lists!$L$4:$M$7, 2, FALSE), "") -> Amri, Abdulrahman A | BC36: Scraper Area Checklist | BD36: Monthly | BE36: September | BF36: C | BG36: FALSE
E37: =$S$3 -> South_Service | F37: =IFERROR(VLOOKUP(SSR[[#This Row],[Department]], Lists!$L$4:$M$7, 2, FALSE), "") -> Amri, Abdulrahman A | G37: ANSI | H37: 2025 | I37: October | J37: {=IFERROR( LOOKUP( 2,1/( ('Total Annual Points'!$B$5:$B$1000=E37)* ('Total Annual Points'!$C$5:$C$1000=G37)* ('Total Annual Points'!$D$5:$D$1000=H37)* (MATCH('Total Annual Points'!$E$5:$E$1000,{"January","February","March","April","May","June","July","August","September","October","November","December"},0) <=MATCH(I37,{"January","February","March","April","May","June","July","August","September","October","November","December"},0)) ), 'Total Annual Points'!$F$5:$F$1000 ), "")} | M37: =South_Service!$K37-South_Service!$L37 -> 0 | AC37: =$S$3 -> South_Service | AD37: =IFERROR(VLOOKUP(SSW[[#This Row],[Department]], Lists!$L$4:$M$7, 2, FALSE), "") -> Amri, Abdulrahman A | AE37: Chemical Inventory | AF37: Weekly | AG37: WK-22 | AH37: B | AI37: FALSE | BA37: =$S$3 -> South_Service | BB37: =IFERROR(VLOOKUP(SSM[[#This Row],[Department]], Lists!$L$4:$M$7, 2, FALSE), "") -> Amri, Abdulrahman A | BC37: Scraper Area Checklist | BD37: Monthly | BE37: October | BF37: A | BG37: FALSE
E38: =$S$3 -> South_Service | F38: =IFERROR(VLOOKUP(SSR[[#This Row],[Department]], Lists!$L$4:$M$7, 2, FALSE), "") -> Amri, Abdulrahman A | G38: ANSI | H38: 2025 | I38: November | J38: {=IFERROR( LOOKUP( 2,1/( ('Total Annual Points'!$B$5:$B$1000=E38)* ('Total Annual Points'!$C$5:$C$1000=G38)* ('Total Annual Points'!$D$5:$D$1000=H38)* (MATCH('Total Annual Points'!$E$5:$E$1000,{"January","February","March","April","May","June","July","August","September","October","November","December"},0) <=MATCH(I38,{"January","February","March","April","May","June","July","August","September","October","November","December"},0)) ), 'Total Annual Points'!$F$5:$F$1000 ), "")} | M38: =South_Service!$K38-South_Service!$L38 -> 0 | AC38: =$S$3 -> South_Service | AD38: =IFERROR(VLOOKUP(SSW[[#This Row],[Department]], Lists!$L$4:$M$7, 2, FALSE), "") -> Amri, Abdulrahman A | AE38: Chemical Inventory | AF38: Weekly | AG38: WK-23 | AH38: C | AI38: FALSE | BA38: =$S$3 -> South_Service | BB38: =IFERROR(VLOOKUP(SSM[[#This Row],[Department]], Lists!$L$4:$M$7, 2, FALSE), "") -> Amri, Abdulrahman A | BC38: Scraper Area Checklist | BD38: Monthly | BE38: November | BF38: B | BG38: FALSE
E39: =$S$3 -> South_Service | F39: =IFERROR(VLOOKUP(SSR[[#This Row],[Department]], Lists!$L$4:$M$7, 2, FALSE), "") -> Amri, Abdulrahman A | G39: ANSI | H39: 2025 | I39: December | J39: {=IFERROR( LOOKUP( 2,1/( ('Total Annual Points'!$B$5:$B$1000=E39)* ('Total Annual Points'!$C$5:$C$1000=G39)* ('Total Annual Points'!$D$5:$D$1000=H39)* (MATCH('Total Annual Points'!$E$5:$E$1000,{"January","February","March","April","May","June","July","August","September","October","November","December"},0) <=MATCH(I39,{"January","February","March","April","May","June","July","August","September","October","November","December"},0)) ), 'Total Annual Points'!$F$5:$F$1000 ), "")} | M39: =South_Service!$K39-South_Service!$L39 -> 0 | AC39: =$S$3 -> South_Service | AD39: =IFERROR(VLOOKUP(SSW[[#This Row],[Department]], Lists!$L$4:$M$7, 2, FALSE), "") -> Amri, Abdulrahman A | AE39: Chemical Inventory | AF39: Weekly | AG39: WK-24 | AH39: A | AI39: FALSE | BA39: =$S$3 -> South_Service | BB39: =IFERROR(VLOOKUP(SSM[[#This Row],[Department]], Lists!$L$4:$M$7, 2, FALSE), "") -> Amri, Abdulrahman A | BC39: Scraper Area Checklist | BD39: Monthly | BE39: December | BF39: C | BG39: FALSE
E40: =$S$3 -> South_Service | F40: =IFERROR(VLOOKUP(SSR[[#This Row],[Department]], Lists!$L$4:$M$7, 2, FALSE), "") -> Amri, Abdulrahman A | G40: Scraper | H40: 2025 | I40: January | J40: {=IFERROR( LOOKUP( 2,1/( ('Total Annual Points'!$B$5:$B$1000=E40)* ('Total Annual Points'!$C$5:$C$1000=G40)* ('Total Annual Points'!$D$5:$D$1000=H40)* (MATCH('Total Annual Points'!$E$5:$E$1000,{"January","February","March","April","May","June","July","August","September","October","November","December"},0) <=MATCH(I40,{"January","February","March","April","May","June","July","August","September","October","November","December"},0)) ), 'Total Annual Points'!$F$5:$F$1000 ), "")} | M40: =South_Service!$K40-South_Service!$L40 -> 0 | AC40: =$S$3 -> South_Service | AD40: =IFERROR(VLOOKUP(SSW[[#This Row],[Department]], Lists!$L$4:$M$7, 2, FALSE), "") -> Amri, Abdulrahman A | AE40: Chemical Inventory | AF40: Weekly | AG40: WK-25 | AH40: B | AI40: FALSE | BA40: =$S$3 -> South_Service | BB40: =IFERROR(VLOOKUP(SSM[[#This Row],[Department]], Lists!$L$4:$M$7, 2, FALSE), "") -> Amri, Abdulrahman A | BC40: Scraper PZV & Car Seal | BD40: Monthly | BE40: January | BF40: A | BG40: FALSE
E41: =$S$3 -> South_Service | F41: =IFERROR(VLOOKUP(SSR[[#This Row],[Department]], Lists!$L$4:$M$7, 2, FALSE), "") -> Amri, Abdulrahman A | G41: Scraper | H41: 2025 | I41: February | J41: {=IFERROR( LOOKUP( 2,1/( ('Total Annual Points'!$B$5:$B$1000=E41)* ('Total Annual Points'!$C$5:$C$1000=G41)* ('Total Annual Points'!$D$5:$D$1000=H41)* (MATCH('Total Annual Points'!$E$5:$E$1000,{"January","February","March","April","May","June","July","August","September","October","November","December"},0) <=MATCH(I41,{"January","February","March","April","May","June","July","August","September","October","November","December"},0)) ), 'Total Annual Points'!$F$5:$F$1000 ), "")} | M41: =South_Service!$K41-South_Service!$L41 -> 0 | AC41: =$S$3 -> South_Service | AD41: =IFERROR(VLOOKUP(SSW[[#This Row],[Department]], Lists!$L$4:$M$7, 2, FALSE), "") -> Amri, Abdulrahman A | AE41: Chemical Inventory | AF41: Weekly | AG41: WK-26 | AH41: C | AI41: FALSE | BA41: =$S$3 -> South_Service | BB41: =IFERROR(VLOOKUP(SSM[[#This Row],[Department]], Lists!$L$4:$M$7, 2, FALSE), "") -> Amri, Abdulrahman A | BC41: Scraper PZV & Car Seal | BD41: Monthly | BE41: February | BF41: B | BG41: FALSE
E42: =$S$3 -> South_Service | F42: =IFERROR(VLOOKUP(SSR[[#This Row],[Department]], Lists!$L$4:$M$7, 2, FALSE), "") -> Amri, Abdulrahman A | G42: Scraper | H42: 2025 | I42: March | J42: {=IFERROR( LOOKUP( 2,1/( ('Total Annual Points'!$B$5:$B$1000=E42)* ('Total Annual Points'!$C$5:$C$1000=G42)* ('Total Annual Points'!$D$5:$D$1000=H42)* (MATCH('Total Annual Points'!$E$5:$E$1000,{"January","February","March","April","May","June","July","August","September","October","November","December"},0) <=MATCH(I42,{"January","February","March","April","May","June","July","August","September","October","November","December"},0)) ), 'Total Annual Points'!$F$5:$F$1000 ), "")} | M42: =South_Service!$K42-South_Service!$L42 -> 0 | AC42: =$S$3 -> South_Service | AD42: =IFERROR(VLOOKUP(SSW[[#This Row],[Department]], Lists!$L$4:$M$7, 2, FALSE), "") -> Amri, Abdulrahman A | AE42: Chemical Inventory | AF42: Weekly | AG42: WK-27 | AH42: A | AI42: FALSE | BA42: =$S$3 -> South_Service | BB42: =IFERROR(VLOOKUP(SSM[[#This Row],[Department]], Lists!$L$4:$M$7, 2, FALSE), "") -> Amri, Abdulrahman A | BC42: Scraper PZV & Car Seal | BD42: Monthly | BE42: March | BF42: C | BG42: FALSE
E43: =$S$3 -> South_Service | F43: =IFERROR(VLOOKUP(SSR[[#This Row],[Department]], Lists!$L$4:$M$7, 2, FALSE), "") -> Amri, Abdulrahman A | G43: Scraper | H43: 2025 | I43: April | J43: {=IFERROR( LOOKUP( 2,1/( ('Total Annual Points'!$B$5:$B$1000=E43)* ('Total Annual Points'!$C$5:$C$1000=G43)* ('Total Annual Points'!$D$5:$D$1000=H43)* (MATCH('Total Annual Points'!$E$5:$E$1000,{"January","February","March","April","May","June","July","August","September","October","November","December"},0) <=MATCH(I43,{"January","February","March","April","May","June","July","August","September","October","November","December"},0)) ), 'Total Annual Points'!$F$5:$F$1000 ), "")} | M43: =South_Service!$K43-South_Service!$L43 -> 0 | AC43: =$S$3 -> South_Service | AD43: =IFERROR(VLOOKUP(SSW[[#This Row],[Department]], Lists!$L$4:$M$7, 2, FALSE), "") -> Amri, Abdulrahman A | AE43: Chemical Inventory | AF43: Weekly | AG43: WK-28 | AH43: B | AI43: FALSE | BA43: =$S$3 -> South_Service | BB43: =IFERROR(VLOOKUP(SSM[[#This Row],[Department]], Lists!$L$4:$M$7, 2, FALSE), "") -> Amri, Abdulrahman A | BC43: Scraper PZV & Car Seal | BD43: Monthly | BE43: April | BF43: A | BG43: FALSE
E44: =$S$3 -> South_Service | F44: =IFERROR(VLOOKUP(SSR[[#This Row],[Department]], Lists!$L$4:$M$7, 2, FALSE), "") -> Amri, Abdulrahman A | G44: Scraper | H44: 2025 | I44: May | J44: {=IFERROR( LOOKUP( 2,1/( ('Total Annual Points'!$B$5:$B$1000=E44)* ('Total Annual Points'!$C$5:$C$1000=G44)* ('Total Annual Points'!$D$5:$D$1000=H44)* (MATCH('Total Annual Points'!$E$5:$E$1000,{"January","February","March","April","May","June","July","August","September","October","November","December"},0) <=MATCH(I44,{"January","February","March","April","May","June","July","August","September","October","November","December"},0)) ), 'Total Annual Points'!$F$5:$F$1000 ), "")} | M44: =South_Service!$K44-South_Service!$L44 -> 0 | AC44: =$S$3 -> South_Service | AD44: =IFERROR(VLOOKUP(SSW[[#This Row],[Department]], Lists!$L$4:$M$7, 2, FALSE), "") -> Amri, Abdulrahman A | AE44: Chemical Inventory | AF44: Weekly | AG44: WK-29 | AH44: C | AI44: FALSE | BA44: =$S$3 -> South_Service | BB44: =IFERROR(VLOOKUP(SSM[[#This Row],[Department]], Lists!$L$4:$M$7, 2, FALSE), "") -> Amri, Abdulrahman A | BC44: Scraper PZV & Car Seal | BD44: Monthly | BE44: May | BF44: B | BG44: FALSE
... E51: =$S$3 -> South_Service | F51: =IFERROR(VLOOKUP(SSR[[#This Row],[Department]], Lists!$L$4:$M$7, 2, FALSE), "") -> Amri, Abdulrahman A | G51: Scraper | H51: 2025 | I51: December | J51: {=IFERROR( LOOKUP( 2,1/( ('Total Annual Points'!$B$5:$B$1000=E51)* ('Total Annual Points'!$C$5:$C$1000=G51)* ('Total Annual Points'!$D$5:$D$1000=H51)* (MATCH('Total Annual Points'!$E$5:$E$1000,{"January","February","March","April","May","June","July","August","September","October","November","December"},0) <=MATCH(I51,{"January","February","March","April","May","June","July","August","September","October","November","December"},0)) ), 'Total Annual Points'!$F$5:$F$1000 ), "")} | M51: =South_Service!$K51-South_Service!$L51 -> 0 | AC51: =$S$3 -> South_Service | AD51: =IFERROR(VLOOKUP(SSW[[#This Row],[Department]], Lists!$L$4:$M$7, 2, FALSE), "") -> Amri, Abdulrahman A | AE51: Chemical Inventory | AF51: Weekly | AG51: WK-36 | AH51: A | AI51: FALSE | BA51: =$S$3 -> South_Service | BB51: =IFERROR(VLOOKUP(SSM[[#This Row],[Department]], Lists!$L$4:$M$7, 2, FALSE), "") -> Amri, Abdulrahman A | BC51: Scraper PZV & Car Seal | BD51: Monthly | BE51: December | BF51: C | BG51: FALSE
E52: =$S$3 -> South_Service | F52: =IFERROR(VLOOKUP(SSR[[#This Row],[Department]], Lists!$L$4:$M$7, 2, FALSE), "") -> Amri, Abdulrahman A | G52: SSSV | H52: 2025 | I52: January | J52: {=IFERROR( LOOKUP( 2,1/( ('Total Annual Points'!$B$5:$B$1000=E52)* ('Total Annual Points'!$C$5:$C$1000=G52)* ('Total Annual Points'!$D$5:$D$1000=H52)* (MATCH('Total Annual Points'!$E$5:$E$1000,{"January","February","March","April","May","June","July","August","September","October","November","December"},0) <=MATCH(I52,{"January","February","March","April","May","June","July","August","September","October","November","December"},0)) ), 'Total Annual Points'!$F$5:$F$1000 ), "")} | M52: =South_Service!$K52-South_Service!$L52 -> 0 | AC52: =$S$3 -> South_Service | AD52: =IFERROR(VLOOKUP(SSW[[#This Row],[Department]], Lists!$L$4:$M$7, 2, FALSE), "") -> Amri, Abdulrahman A | AE52: Chemical Inventory | AF52: Weekly | AG52: WK-37 | AH52: B | AI52: FALSE | BA52: =$S$3 -> South_Service | BB52: =IFERROR(VLOOKUP(SSM[[#This Row],[Department]], Lists!$L$4:$M$7, 2, FALSE), "") -> Amri, Abdulrahman A | BG52: FALSE
E53: =$S$3 -> South_Service | F53: =IFERROR(VLOOKUP(SSR[[#This Row],[Department]], Lists!$L$4:$M$7, 2, FALSE), "") -> Amri, Abdulrahman A | G53: SSSV | H53: 2025 | I53: February | J53: {=IFERROR( LOOKUP( 2,1/( ('Total Annual Points'!$B$5:$B$1000=E53)* ('Total Annual Points'!$C$5:$C$1000=G53)* ('Total Annual Points'!$D$5:$D$1000=H53)* (MATCH('Total Annual Points'!$E$5:$E$1000,{"January","February","March","April","May","June","July","August","September","October","November","December"},0) <=MATCH(I53,{"January","February","March","April","May","June","July","August","September","October","November","December"},0)) ), 'Total Annual Points'!$F$5:$F$1000 ), "")} | M53: =South_Service!$K53-South_Service!$L53 -> 0 | AC53: =$S$3 -> South_Service | AD53: =IFERROR(VLOOKUP(SSW[[#This Row],[Department]], Lists!$L$4:$M$7, 2, FALSE), "") -> Amri, Abdulrahman A | AE53: Chemical Inventory | AF53: Weekly | AG53: WK-38 | AH53: C | AI53: FALSE | BA53: =$S$3 -> South_Service | BB53: =IFERROR(VLOOKUP(SSM[[#This Row],[Department]], Lists!$L$4:$M$7, 2, FALSE), "")
E54: =$S$3 -> South_Service | F54: =IFERROR(VLOOKUP(SSR[[#This Row],[Department]], Lists!$L$4:$M$7, 2, FALSE), "") -> Amri, Abdulrahman A | G54: SSSV | H54: 2025 | I54: March | J54: {=IFERROR( LOOKUP( 2,1/( ('Total Annual Points'!$B$5:$B$1000=E54)* ('Total Annual Points'!$C$5:$C$1000=G54)* ('Total Annual Points'!$D$5:$D$1000=H54)* (MATCH('Total Annual Points'!$E$5:$E$1000,{"January","February","March","April","May","June","July","August","September","October","November","December"},0) <=MATCH(I54,{"January","February","March","April","May","June","July","August","September","October","November","December"},0)) ), 'Total Annual Points'!$F$5:$F$1000 ), "")} | M54: =South_Service!$K54-South_Service!$L54 -> 0 | AC54: =$S$3 -> South_Service | AD54: =IFERROR(VLOOKUP(SSW[[#This Row],[Department]], Lists!$L$4:$M$7, 2, FALSE), "") -> Amri, Abdulrahman A | AE54: Chemical Inventory | AF54: Weekly | AG54: WK-39 | AH54: A | AI54: FALSE | BA54: =$S$3 -> South_Service | BB54: =IFERROR(VLOOKUP(SSM[[#This Row],[Department]], Lists!$L$4:$M$7, 2, FALSE), "")
E55: =$S$3 -> South_Service | F55: =IFERROR(VLOOKUP(SSR[[#This Row],[Department]], Lists!$L$4:$M$7, 2, FALSE), "") -> Amri, Abdulrahman A | G55: SSSV | H55: 2025 | I55: April | J55: {=IFERROR( LOOKUP( 2,1/( ('Total Annual Points'!$B$5:$B$1000=E55)* ('Total Annual Points'!$C$5:$C$1000=G55)* ('Total Annual Points'!$D$5:$D$1000=H55)* (MATCH('Total Annual Points'!$E$5:$E$1000,{"January","February","March","April","May","June","July","August","September","October","November","December"},0) <=MATCH(I55,{"January","February","March","April","May","June","July","August","September","October","November","December"},0)) ), 'Total Annual Points'!$F$5:$F$1000 ), "")} | M55: =South_Service!$K55-South_Service!$L55 -> 0 | AC55: =$S$3 -> South_Service | AD55: =IFERROR(VLOOKUP(SSW[[#This Row],[Department]], Lists!$L$4:$M$7, 2, FALSE), "") -> Amri, Abdulrahman A | AE55: Chemical Inventory | AF55: Weekly | AG55: WK-40 | AH55: B | AI55: FALSE | BA55: =$S$3 -> South_Service | BB55: =IFERROR(VLOOKUP(SSM[[#This Row],[Department]], Lists!$L$4:$M$7, 2, FALSE), "")
E56: =$S$3 -> South_Service | F56: =IFERROR(VLOOKUP(SSR[[#This Row],[Department]], Lists!$L$4:$M$7, 2, FALSE), "") -> Amri, Abdulrahman A | G56: SSSV | H56: 2025 | I56: May | J56: {=IFERROR( LOOKUP( 2,1/( ('Total Annual Points'!$B$5:$B$1000=E56)* ('Total Annual Points'!$C$5:$C$1000=G56)* ('Total Annual Points'!$D$5:$D$1000=H56)* (MATCH('Total Annual Points'!$E$5:$E$1000,{"January","February","March","April","May","June","July","August","September","October","November","December"},0) <=MATCH(I56,{"January","February","March","April","May","June","July","August","September","October","November","December"},0)) ), 'Total Annual Points'!$F$5:$F$1000 ), "")} | M56: =South_Service!$K56-South_Service!$L56 -> 0 | AC56: =$S$3 -> South_Service | AD56: =IFERROR(VLOOKUP(SSW[[#This Row],[Department]], Lists!$L$4:$M$7, 2, FALSE), "") -> Amri, Abdulrahman A | AE56: Chemical Inventory | AF56: Weekly | AG56: WK-41 | AH56: C | AI56: FALSE
E57: =$S$3 -> South_Service | F57: =IFERROR(VLOOKUP(SSR[[#This Row],[Department]], Lists!$L$4:$M$7, 2, FALSE), "") -> Amri, Abdulrahman A | G57: SSSV | H57: 2025 | I57: June | J57: {=IFERROR( LOOKUP( 2,1/( ('Total Annual Points'!$B$5:$B$1000=E57)* ('Total Annual Points'!$C$5:$C$1000=G57)* ('Total Annual Points'!$D$5:$D$1000=H57)* (MATCH('Total Annual Points'!$E$5:$E$1000,{"January","February","March","April","May","June","July","August","September","October","November","December"},0) <=MATCH(I57,{"January","February","March","April","May","June","July","August","September","October","November","December"},0)) ), 'Total Annual Points'!$F$5:$F$1000 ), "")} | M57: =South_Service!$K57-South_Service!$L57 -> 0 | AC57: =$S$3 -> South_Service | AD57: =IFERROR(VLOOKUP(SSW[[#This Row],[Department]], Lists!$L$4:$M$7, 2, FALSE), "") -> Amri, Abdulrahman A | AE57: Chemical Inventory | AF57: Weekly | AG57: WK-42 | AH57: A | AI57: FALSE
E58: =$S$3 -> South_Service | F58: =IFERROR(VLOOKUP(SSR[[#This Row],[Department]], Lists!$L$4:$M$7, 2, FALSE), "") -> Amri, Abdulrahman A | G58: SSSV | H58: 2025 | I58: July | J58: {=IFERROR( LOOKUP( 2,1/( ('Total Annual Points'!$B$5:$B$1000=E58)* ('Total Annual Points'!$C$5:$C$1000=G58)* ('Total Annual Points'!$D$5:$D$1000=H58)* (MATCH('Total Annual Points'!$E$5:$E$1000,{"January","February","March","April","May","June","July","August","September","October","November","December"},0) <=MATCH(I58,{"January","February","March","April","May","June","July","August","September","October","November","December"},0)) ), 'Total Annual Points'!$F$5:$F$1000 ), "")} | M58: =South_Service!$K58-South_Service!$L58 -> 0 | AC58: =$S$3 -> South_Service | AD58: =IFERROR(VLOOKUP(SSW[[#This Row],[Department]], Lists!$L$4:$M$7, 2, FALSE), "") -> Amri, Abdulrahman A | AE58: Chemical Inventory | AF58: Weekly | AG58: WK-43 | AH58: B | AI58: FALSE
E59: =$S$3 -> South_Service | F59: =IFERROR(VLOOKUP(SSR[[#This Row],[Department]], Lists!$L$4:$M$7, 2, FALSE), "") -> Amri, Abdulrahman A | G59: SSSV | H59: 2025 | I59: August | J59: {=IFERROR( LOOKUP( 2,1/( ('Total Annual Points'!$B$5:$B$1000=E59)* ('Total Annual Points'!$C$5:$C$1000=G59)* ('Total Annual Points'!$D$5:$D$1000=H59)* (MATCH('Total Annual Points'!$E$5:$E$1000,{"January","February","March","April","May","June","July","August","September","October","November","December"},0) <=MATCH(I59,{"January","February","March","April","May","June","July","August","September","October","November","December"},0)) ), 'Total Annual Points'!$F$5:$F$1000 ), "")} | M59: =South_Service!$K59-South_Service!$L59 -> 0 | AC59: =$S$3 -> South_Service | AD59: =IFERROR(VLOOKUP(SSW[[#This Row],[Department]], Lists!$L$4:$M$7, 2, FALSE), "") -> Amri, Abdulrahman A | AE59: Chemical Inventory | AF59: Weekly | AG59: WK-44 | AH59: C | AI59: FALSE
E60: =$S$3 -> South_Service | F60: =IFERROR(VLOOKUP(SSR[[#This Row],[Department]], Lists!$L$4:$M$7, 2, FALSE), "") -> Amri, Abdulrahman A | G60: SSSV | H60: 2025 | I60: September | J60: {=IFERROR( LOOKUP( 2,1/( ('Total Annual Points'!$B$5:$B$1000=E60)* ('Total Annual Points'!$C$5:$C$1000=G60)* ('Total Annual Points'!$D$5:$D$1000=H60)* (MATCH('Total Annual Points'!$E$5:$E$1000,{"January","February","March","April","May","June","July","August","September","October","November","December"},0) <=MATCH(I60,{"January","February","March","April","May","June","July","August","September","October","November","December"},0)) ), 'Total Annual Points'!$F$5:$F$1000 ), "")} | M60: =South_Service!$K60-South_Service!$L60 -> 0 | AC60: =$S$3 -> South_Service | AD60: =IFERROR(VLOOKUP(SSW[[#This Row],[Department]], Lists!$L$4:$M$7, 2, FALSE), "") -> Amri, Abdulrahman A | AE60: Chemical Inventory | AF60: Weekly | AG60: WK-45 | AH60: A | AI60: FALSE
E61: =$S$3 -> South_Service | F61: =IFERROR(VLOOKUP(SSR[[#This Row],[Department]], Lists!$L$4:$M$7, 2, FALSE), "") -> Amri, Abdulrahman A | G61: SSSV | H61: 2025 | I61: October | J61: {=IFERROR( LOOKUP( 2,1/( ('Total Annual Points'!$B$5:$B$1000=E61)* ('Total Annual Points'!$C$5:$C$1000=G61)* ('Total Annual Points'!$D$5:$D$1000=H61)* (MATCH('Total Annual Points'!$E$5:$E$1000,{"January","February","March","April","May","June","July","August","September","October","November","December"},0) <=MATCH(I61,{"January","February","March","April","May","June","July","August","September","October","November","December"},0)) ), 'Total Annual Points'!$F$5:$F$1000 ), "")} | M61: =South_Service!$K61-South_Service!$L61 -> 0 | AC61: =$S$3 -> South_Service | AD61: =IFERROR(VLOOKUP(SSW[[#This Row],[Department]], Lists!$L$4:$M$7, 2, FALSE), "") -> Amri, Abdulrahman A | AE61: Chemical Inventory | AF61: Weekly | AG61: WK-46 | AH61: B | AI61: FALSE
E62: =$S$3 -> South_Service | F62: =IFERROR(VLOOKUP(SSR[[#This Row],[Department]], Lists!$L$4:$M$7, 2, FALSE), "") -> Amri, Abdulrahman A | G62: SSSV | H62: 2025 | I62: November | J62: {=IFERROR( LOOKUP( 2,1/( ('Total Annual Points'!$B$5:$B$1000=E62)* ('Total Annual Points'!$C$5:$C$1000=G62)* ('Total Annual Points'!$D$5:$D$1000=H62)* (MATCH('Total Annual Points'!$E$5:$E$1000,{"January","February","March","April","May","June","July","August","September","October","November","December"},0) <=MATCH(I62,{"January","February","March","April","May","June","July","August","September","October","November","December"},0)) ), 'Total Annual Points'!$F$5:$F$1000 ), "")} | M62: =South_Service!$K62-South_Service!$L62 -> 0 | AC62: =$S$3 -> South_Service | AD62: =IFERROR(VLOOKUP(SSW[[#This Row],[Department]], Lists!$L$4:$M$7, 2, FALSE), "") -> Amri, Abdulrahman A | AE62: Chemical Inventory | AF62: Weekly | AG62: WK-47 | AH62: C | AI62: FALSE
E63: =$S$3 -> South_Service | F63: =IFERROR(VLOOKUP(SSR[[#This Row],[Department]], Lists!$L$4:$M$7, 2, FALSE), "") -> Amri, Abdulrahman A | G63: SSSV | H63: 2025 | I63: December | J63: {=IFERROR( LOOKUP( 2,1/( ('Total Annual Points'!$B$5:$B$1000=E63)* ('Total Annual Points'!$C$5:$C$1000=G63)* ('Total Annual Points'!$D$5:$D$1000=H63)* (MATCH('Total Annual Points'!$E$5:$E$1000,{"January","February","March","April","May","June","July","August","September","October","November","December"},0) <=MATCH(I63,{"January","February","March","April","May","June","July","August","September","October","November","December"},0)) ), 'Total Annual Points'!$F$5:$F$1000 ), "")} | M63: =South_Service!$K63-South_Service!$L63 -> 0 | AC63: =$S$3 -> South_Service | AD63: =IFERROR(VLOOKUP(SSW[[#This Row],[Department]], Lists!$L$4:$M$7, 2, FALSE), "") -> Amri, Abdulrahman A | AE63: Chemical Inventory | AF63: Weekly | AG63: WK-48 | AH63: A | AI63: FALSE
E64: =$S$3 -> South_Service | F64: =IFERROR(VLOOKUP(SSR[[#This Row],[Department]], Lists!$L$4:$M$7, 2, FALSE), "") -> Amri, Abdulrahman A | G64: SSV | H64: 2025 | I64: January | J64: {=IFERROR( LOOKUP( 2,1/( ('Total Annual Points'!$B$5:$B$1000=E64)* ('Total Annual Points'!$C$5:$C$1000=G64)* ('Total Annual Points'!$D$5:$D$1000=H64)* (MATCH('Total Annual Points'!$E$5:$E$1000,{"January","February","March","April","May","June","July","August","September","October","November","December"},0) <=MATCH(I64,{"January","February","March","April","May","June","July","August","September","October","November","December"},0)) ), 'Total Annual Points'!$F$5:$F$1000 ), "")} | M64: =South_Service!$K64-South_Service!$L64 -> 0 | AC64: =$S$3 -> South_Service | AD64: =IFERROR(VLOOKUP(SSW[[#This Row],[Department]], Lists!$L$4:$M$7, 2, FALSE), "") -> Amri, Abdulrahman A | AE64: Chemical Inventory | AF64: Weekly | AG64: WK-49 | AH64: B | AI64: FALSE
E65: =$S$3 -> South_Service | F65: =IFERROR(VLOOKUP(SSR[[#This Row],[Department]], Lists!$L$4:$M$7, 2, FALSE), "") -> Amri, Abdulrahman A | G65: SSV | H65: 2025 | I65: February | J65: {=IFERROR( LOOKUP( 2,1/( ('Total Annual Points'!$B$5:$B$1000=E65)* ('Total Annual Points'!$C$5:$C$1000=G65)* ('Total Annual Points'!$D$5:$D$1000=H65)* (MATCH('Total Annual Points'!$E$5:$E$1000,{"January","February","March","April","May","June","July","August","September","October","November","December"},0) <=MATCH(I65,{"January","February","March","April","May","June","July","August","September","October","November","December"},0)) ), 'Total Annual Points'!$F$5:$F$1000 ), "")} | M65: =South_Service!$K65-South_Service!$L65 -> 0 | AC65: =$S$3 -> South_Service | AD65: =IFERROR(VLOOKUP(SSW[[#This Row],[Department]], Lists!$L$4:$M$7, 2, FALSE), "") -> Amri, Abdulrahman A | AE65: Chemical Inventory | AF65: Weekly | AG65: WK-50 | AH65: C | AI65: FALSE
E66: =$S$3 -> South_Service | F66: =IFERROR(VLOOKUP(SSR[[#This Row],[Department]], Lists!$L$4:$M$7, 2, FALSE), "") -> Amri, Abdulrahman A | G66: SSV | H66: 2025 | I66: March | J66: {=IFERROR( LOOKUP( 2,1/( ('Total Annual Points'!$B$5:$B$1000=E66)* ('Total Annual Points'!$C$5:$C$1000=G66)* ('Total Annual Points'!$D$5:$D$1000=H66)* (MATCH('Total Annual Points'!$E$5:$E$1000,{"January","February","March","April","May","June","July","August","September","October","November","December"},0) <=MATCH(I66,{"January","February","March","April","May","June","July","August","September","October","November","December"},0)) ), 'Total Annual Points'!$F$5:$F$1000 ), "")} | M66: =South_Service!$K66-South_Service!$L66 -> 0 | AC66: =$S$3 -> South_Service | AD66: =IFERROR(VLOOKUP(SSW[[#This Row],[Department]], Lists!$L$4:$M$7, 2, FALSE), "") -> Amri, Abdulrahman A | AE66: Chemical Inventory | AF66: Weekly | AG66: WK-51 | AH66: A | AI66: FALSE
E67: =$S$3 -> South_Service | F67: =IFERROR(VLOOKUP(SSR[[#This Row],[Department]], Lists!$L$4:$M$7, 2, FALSE), "") -> Amri, Abdulrahman A | G67: SSV | H67: 2025 | I67: April | J67: {=IFERROR( LOOKUP( 2,1/( ('Total Annual Points'!$B$5:$B$1000=E67)* ('Total Annual Points'!$C$5:$C$1000=G67)* ('Total Annual Points'!$D$5:$D$1000=H67)* (MATCH('Total Annual Points'!$E$5:$E$1000,{"January","February","March","April","May","June","July","August","September","October","November","December"},0) <=MATCH(I67,{"January","February","March","April","May","June","July","August","September","October","November","December"},0)) ), 'Total Annual Points'!$F$5:$F$1000 ), "")} | M67: =South_Service!$K67-South_Service!$L67 -> 0 | AC67: =$S$3 -> South_Service | AD67: =IFERROR(VLOOKUP(SSW[[#This Row],[Department]], Lists!$L$4:$M$7, 2, FALSE), "") -> Amri, Abdulrahman A | AE67: Chemical Inventory | AF67: Weekly | AG67: WK-52 | AH67: B | AI67: FALSE
... E99: =$S$3 -> South_Service | F99: =IFERROR(VLOOKUP(SSR[[#This Row],[Department]], Lists!$L$4:$M$7, 2, FALSE), "") -> Amri, Abdulrahman A | G99: WHIT/WHGR | H99: 2025 | I99: December | J99: {=IFERROR( LOOKUP( 2,1/( ('Total Annual Points'!$B$5:$B$1000=E99)* ('Total Annual Points'!$C$5:$C$1000=G99)* ('Total Annual Points'!$D$5:$D$1000=H99)* (MATCH('Total Annual Points'!$E$5:$E$1000,{"January","February","March","April","May","June","July","August","September","October","November","December"},0) <=MATCH(I99,{"January","February","March","April","May","June","July","August","September","October","November","December"},0)) ), 'Total Annual Points'!$F$5:$F$1000 ), "")} | M99: =South_Service!$K99-South_Service!$L99 -> 0 | AC99: =$S$3 -> South_Service | AD99: =IFERROR(VLOOKUP(SSW[[#This Row],[Department]], Lists!$L$4:$M$7, 2, FALSE), "") -> Amri, Abdulrahman A | AE99: Safety Communication Meeting | AF99: Weekly | AG99: WK-32 | AH99: B | AI99: FALSE
E100: =$S$3 -> South_Service | F100: =IFERROR(VLOOKUP(SSR[[#This Row],[Department]], Lists!$L$4:$M$7, 2, FALSE), "") | AC100: =$S$3 -> South_Service | AD100: =IFERROR(VLOOKUP(SSW[[#This Row],[Department]], Lists!$L$4:$M$7, 2, FALSE), "") -> Amri, Abdulrahman A | AE100: Safety Communication Meeting | AF100: Weekly | AG100: WK-33 | AH100: C | AI100: FALSE
E101: =$S$3 -> South_Service | F101: =IFERROR(VLOOKUP(SSR[[#This Row],[Department]], Lists!$L$4:$M$7, 2, FALSE), "") | AC101: =$S$3 -> South_Service | AD101: =IFERROR(VLOOKUP(SSW[[#This Row],[Department]], Lists!$L$4:$M$7, 2, FALSE), "") -> Amri, Abdulrahman A | AE101: Safety Communication Meeting | AF101: Weekly | AG101: WK-34 | AH101: A | AI101: FALSE
E102: =$S$3 -> South_Service | F102: =IFERROR(VLOOKUP(SSR[[#This Row],[Department]], Lists!$L$4:$M$7, 2, FALSE), "") | J102: {=IFERROR( LOOKUP( 2,1/( ('Total Annual Points'!$B$5:$B$1000=E102)* ('Total Annual Points'!$C$5:$C$1000=G102)* ('Total Annual Points'!$D$5:$D$1000=H102)* (MATCH('Total Annual Points'!$E$5:$E$1000,{"January","February","March","April","May","June","July","August","September","October","November","December"},0) <=MATCH(I102,{"January","February","March","April","May","June","July","August","September","October","November","December"},0)) ), 'Total Annual Points'!$F$5:$F$1000 ), "")} | AC102: =$S$3 -> South_Service | AD102: =IFERROR(VLOOKUP(SSW[[#This Row],[Department]], Lists!$L$4:$M$7, 2, FALSE), "") -> Amri, Abdulrahman A | AE102: Safety Communication Meeting | AF102: Weekly | AG102: WK-35 | AH102: B | AI102: FALSE
E103: =$S$3 -> South_Service | F103: =IFERROR(VLOOKUP(SSR[[#This Row],[Department]], Lists!$L$4:$M$7, 2, FALSE), "") | J103: {=IFERROR( LOOKUP( 2,1/( ('Total Annual Points'!$B$5:$B$1000=E103)* ('Total Annual Points'!$C$5:$C$1000=G103)* ('Total Annual Points'!$D$5:$D$1000=H103)* (MATCH('Total Annual Points'!$E$5:$E$1000,{"January","February","March","April","May","June","July","August","September","October","November","December"},0) <=MATCH(I103,{"January","February","March","April","May","June","July","August","September","October","November","December"},0)) ), 'Total Annual Points'!$F$5:$F$1000 ), "")} | AC103: =$S$3 -> South_Service | AD103: =IFERROR(VLOOKUP(SSW[[#This Row],[Department]], Lists!$L$4:$M$7, 2, FALSE), "") -> Amri, Abdulrahman A | AE103: Safety Communication Meeting | AF103: Weekly | AG103: WK-36 | AH103: C | AI103: FALSE
E104: =$S$3 -> South_Service | F104: =IFERROR(VLOOKUP(SSR[[#This Row],[Department]], Lists!$L$4:$M$7, 2, FALSE), "") | J104: {=IFERROR( LOOKUP( 2,1/( ('Total Annual Points'!$B$5:$B$1000=E104)* ('Total Annual Points'!$C$5:$C$1000=G104)* ('Total Annual Points'!$D$5:$D$1000=H104)* (MATCH('Total Annual Points'!$E$5:$E$1000,{"January","February","March","April","May","June","July","August","September","October","November","December"},0) <=MATCH(I104,{"January","February","March","April","May","June","July","August","September","October","November","December"},0)) ), 'Total Annual Points'!$F$5:$F$1000 ), "")} | AC104: =$S$3 -> South_Service | AD104: =IFERROR(VLOOKUP(SSW[[#This Row],[Department]], Lists!$L$4:$M$7, 2, FALSE), "") -> Amri, Abdulrahman A | AE104: Safety Communication Meeting | AF104: Weekly | AG104: WK-37 | AH104: A | AI104: FALSE
E105: =$S$3 -> South_Service | F105: =IFERROR(VLOOKUP(SSR[[#This Row],[Department]], Lists!$L$4:$M$7, 2, FALSE), "") | J105: {=IFERROR( LOOKUP( 2,1/( ('Total Annual Points'!$B$5:$B$1000=E105)* ('Total Annual Points'!$C$5:$C$1000=G105)* ('Total Annual Points'!$D$5:$D$1000=H105)* (MATCH('Total Annual Points'!$E$5:$E$1000,{"January","February","March","April","May","June","July","August","September","October","November","December"},0) <=MATCH(I105,{"January","February","March","April","May","June","July","August","September","October","November","December"},0)) ), 'Total Annual Points'!$F$5:$F$1000 ), "")} | AC105: =$S$3 -> South_Service | AD105: =IFERROR(VLOOKUP(SSW[[#This Row],[Department]], Lists!$L$4:$M$7, 2, FALSE), "") -> Amri, Abdulrahman A | AE105: Safety Communication Meeting | AF105: Weekly | AG105: WK-38 | AH105: B | AI105: FALSE
E106: =$S$3 -> South_Service | F106: =IFERROR(VLOOKUP(SSR[[#This Row],[Department]], Lists!$L$4:$M$7, 2, FALSE), "") | J106: {=IFERROR( LOOKUP( 2,1/( ('Total Annual Points'!$B$5:$B$1000=E106)* ('Total Annual Points'!$C$5:$C$1000=G106)* ('Total Annual Points'!$D$5:$D$1000=H106)* (MATCH('Total Annual Points'!$E$5:$E$1000,{"January","February","March","April","May","June","July","August","September","October","November","December"},0) <=MATCH(I106,{"January","February","March","April","May","June","July","August","September","October","November","December"},0)) ), 'Total Annual Points'!$F$5:$F$1000 ), "")} | AC106: =$S$3 -> South_Service | AD106: =IFERROR(VLOOKUP(SSW[[#This Row],[Department]], Lists!$L$4:$M$7, 2, FALSE), "") -> Amri, Abdulrahman A | AE106: Safety Communication Meeting | AF106: Weekly | AG106: WK-39 | AH106: C | AI106: FALSE
E107: =$S$3 -> South_Service | F107: =IFERROR(VLOOKUP(SSR[[#This Row],[Department]], Lists!$L$4:$M$7, 2, FALSE), "") | J107: {=IFERROR( LOOKUP( 2,1/( ('Total Annual Points'!$B$5:$B$1000=E107)* ('Total Annual Points'!$C$5:$C$1000=G107)* ('Total Annual Points'!$D$5:$D$1000=H107)* (MATCH('Total Annual Points'!$E$5:$E$1000,{"January","February","March","April","May","June","July","August","September","October","November","December"},0) <=MATCH(I107,{"January","February","March","April","May","June","July","August","September","October","November","December"},0)) ), 'Total Annual Points'!$F$5:$F$1000 ), "")} | AC107: =$S$3 -> South_Service | AD107: =IFERROR(VLOOKUP(SSW[[#This Row],[Department]], Lists!$L$4:$M$7, 2, FALSE), "") -> Amri, Abdulrahman A | AE107: Safety Communication Meeting | AF107: Weekly | AG107: WK-40 | AH107: A | AI107: FALSE
E108: =$S$3 -> South_Service | F108: =IFERROR(VLOOKUP(SSR[[#This Row],[Department]], Lists!$L$4:$M$7, 2, FALSE), "") | J108: {=IFERROR( LOOKUP( 2,1/( ('Total Annual Points'!$B$5:$B$1000=E108)* ('Total Annual Points'!$C$5:$C$1000=G108)* ('Total Annual Points'!$D$5:$D$1000=H108)* (MATCH('Total Annual Points'!$E$5:$E$1000,{"January","February","March","April","May","June","July","August","September","October","November","December"},0) <=MATCH(I108,{"January","February","March","April","May","June","July","August","September","October","November","December"},0)) ), 'Total Annual Points'!$F$5:$F$1000 ), "")} | AC108: =$S$3 -> South_Service | AD108: =IFERROR(VLOOKUP(SSW[[#This Row],[Department]], Lists!$L$4:$M$7, 2, FALSE), "") -> Amri, Abdulrahman A | AE108: Safety Communication Meeting | AF108: Weekly | AG108: WK-41 | AH108: B | AI108: FALSE
E109: =$S$3 -> South_Service | F109: =IFERROR(VLOOKUP(SSR[[#This Row],[Department]], Lists!$L$4:$M$7, 2, FALSE), "") | J109: {=IFERROR( LOOKUP( 2,1/( ('Total Annual Points'!$B$5:$B$1000=E109)* ('Total Annual Points'!$C$5:$C$1000=G109)* ('Total Annual Points'!$D$5:$D$1000=H109)* (MATCH('Total Annual Points'!$E$5:$E$1000,{"January","February","March","April","May","June","July","August","September","October","November","December"},0) <=MATCH(I109,{"January","February","March","April","May","June","July","August","September","October","November","December"},0)) ), 'Total Annual Points'!$F$5:$F$1000 ), "")} | AC109: =$S$3 -> South_Service | AD109: =IFERROR(VLOOKUP(SSW[[#This Row],[Department]], Lists!$L$4:$M$7, 2, FALSE), "") -> Amri, Abdulrahman A | AE109: Safety Communication Meeting | AF109: Weekly | AG109: WK-42 | AH109: C | AI109: FALSE
E110: =$S$3 -> South_Service | F110: =IFERROR(VLOOKUP(SSR[[#This Row],[Department]], Lists!$L$4:$M$7, 2, FALSE), "") | J110: {=IFERROR( LOOKUP( 2,1/( ('Total Annual Points'!$B$5:$B$1000=E110)* ('Total Annual Points'!$C$5:$C$1000=G110)* ('Total Annual Points'!$D$5:$D$1000=H110)* (MATCH('Total Annual Points'!$E$5:$E$1000,{"January","February","March","April","May","June","July","August","September","October","November","December"},0) <=MATCH(I110,{"January","February","March","April","May","June","July","August","September","October","November","December"},0)) ), 'Total Annual Points'!$F$5:$F$1000 ), "")} | AC110: =$S$3 -> South_Service | AD110: =IFERROR(VLOOKUP(SSW[[#This Row],[Department]], Lists!$L$4:$M$7, 2, FALSE), "") -> Amri, Abdulrahman A | AE110: Safety Communication Meeting | AF110: Weekly | AG110: WK-43 | AH110: A | AI110: FALSE
E111: =$S$3 -> South_Service | F111: =IFERROR(VLOOKUP(SSR[[#This Row],[Department]], Lists!$L$4:$M$7, 2, FALSE), "") | J111: {=IFERROR( LOOKUP( 2,1/( ('Total Annual Points'!$B$5:$B$1000=E111)* ('Total Annual Points'!$C$5:$C$1000=G111)* ('Total Annual Points'!$D$5:$D$1000=H111)* (MATCH('Total Annual Points'!$E$5:$E$1000,{"January","February","March","April","May","June","July","August","September","October","November","December"},0) <=MATCH(I111,{"January","February","March","April","May","June","July","August","September","October","November","December"},0)) ), 'Total Annual Points'!$F$5:$F$1000 ), "")} | AC111: =$S$3 -> South_Service | AD111: =IFERROR(VLOOKUP(SSW[[#This Row],[Department]], Lists!$L$4:$M$7, 2, FALSE), "") -> Amri, Abdulrahman A | AE111: Safety Communication Meeting | AF111: Weekly | AG111: WK-44 | AH111: B | AI111: FALSE
E112: =$S$3 -> South_Service | F112: =IFERROR(VLOOKUP(SSR[[#This Row],[Department]], Lists!$L$4:$M$7, 2, FALSE), "") | J112: {=IFERROR( LOOKUP( 2,1/( ('Total Annual Points'!$B$5:$B$1000=E112)* ('Total Annual Points'!$C$5:$C$1000=G112)* ('Total Annual Points'!$D$5:$D$1000=H112)* (MATCH('Total Annual Points'!$E$5:$E$1000,{"January","February","March","April","May","June","July","August","September","October","November","December"},0) <=MATCH(I112,{"January","February","March","April","May","June","July","August","September","October","November","December"},0)) ), 'Total Annual Points'!$F$5:$F$1000 ), "")} | AC112: =$S$3 -> South_Service | AD112: =IFERROR(VLOOKUP(SSW[[#This Row],[Department]], Lists!$L$4:$M$7, 2, FALSE), "") -> Amri, Abdulrahman A | AE112: Safety Communication Meeting | AF112: Weekly | AG112: WK-45 | AH112: C | AI112: FALSE
AC113: =$S$3 -> South_Service | AD113: =IFERROR(VLOOKUP(SSW[[#This Row],[Department]], Lists!$L$4:$M$7, 2, FALSE), "") -> Amri, Abdulrahman A | AE113: Safety Communication Meeting | AF113: Weekly | AG113: WK-46 | AH113: A | AI113: FALSE
AC114: =$S$3 -> South_Service | AD114: =IFERROR(VLOOKUP(SSW[[#This Row],[Department]], Lists!$L$4:$M$7, 2, FALSE), "") -> Amri, Abdulrahman A | AE114: Safety Communication Meeting | AF114: Weekly | AG114: WK-47 | AH114: B | AI114: FALSE
AC115: =$S$3 -> South_Service | AD115: =IFERROR(VLOOKUP(SSW[[#This Row],[Department]], Lists!$L$4:$M$7, 2, FALSE), "") -> Amri, Abdulrahman A | AE115: Safety Communication Meeting | AF115: Weekly | AG115: WK-48 | AH115: C | AI115: FALSE
AC116: =$S$3 -> South_Service | AD116: =IFERROR(VLOOKUP(SSW[[#This Row],[Department]], Lists!$L$4:$M$7, 2, FALSE), "") -> Amri, Abdulrahman A | AE116: Safety Communication Meeting | AF116: Weekly | AG116: WK-49 | AH116: A | AI116: FALSE
AC117: =$S$3 -> South_Service | AD117: =IFERROR(VLOOKUP(SSW[[#This Row],[Department]], Lists!$L$4:$M$7, 2, FALSE), "") -> Amri, Abdulrahman A | AE117: Safety Communication Meeting | AF117: Weekly | AG117: WK-50 | AH117: B | AI117: FALSE
AC118: =$S$3 -> South_Service | AD118: =IFERROR(VLOOKUP(SSW[[#This Row],[Department]], Lists!$L$4:$M$7, 2, FALSE), "") -> Amri, Abdulrahman A | AE118: Safety Communication Meeting | AF118: Weekly | AG118: WK-51 | AH118: C | AI118: FALSE
AC119: =$S$3 -> South_Service | AD119: =IFERROR(VLOOKUP(SSW[[#This Row],[Department]], Lists!$L$4:$M$7, 2, FALSE), "") -> Amri, Abdulrahman A | AE119: Safety Communication Meeting | AF119: Weekly | AG119: WK-52 | AH119: A | AI119: FALSE
AC120: =$S$3 -> South_Service | AD120: =IFERROR(VLOOKUP(SSW[[#This Row],[Department]], Lists!$L$4:$M$7, 2, FALSE), "") -> Amri, Abdulrahman A | AE120: SCABA Inspection | AF120: Weekly | AG120: WK-1 | AH120: A | AI120: FALSE
AC121: =$S$3 -> South_Service | AD121: =IFERROR(VLOOKUP(SSW[[#This Row],[Department]], Lists!$L$4:$M$7, 2, FALSE), "") -> Amri, Abdulrahman A | AE121: SCABA Inspection | AF121: Weekly | AG121: WK-2 | AH121: B | AI121: FALSE
AC122: =$S$3 -> South_Service | AD122: =IFERROR(VLOOKUP(SSW[[#This Row],[Department]], Lists!$L$4:$M$7, 2, FALSE), "") -> Amri, Abdulrahman A | AE122: SCABA Inspection | AF122: Weekly | AG122: WK-3 | AH122: C | AI122: FALSE
AC123: =$S$3 -> South_Service | AD123: =IFERROR(VLOOKUP(SSW[[#This Row],[Department]], Lists!$L$4:$M$7, 2, FALSE), "") -> Amri, Abdulrahman A | AE123: SCABA Inspection | AF123: Weekly | AG123: WK-4 | AH123: A | AI123: FALSE
AC124: =$S$3 -> South_Service | AD124: =IFERROR(VLOOKUP(SSW[[#This Row],[Department]], Lists!$L$4:$M$7, 2, FALSE), "") -> Amri, Abdulrahman A | AE124: SCABA Inspection | AF124: Weekly | AG124: WK-5 | AH124: B | AI124: FALSE
... AC223: =$S$3 -> South_Service | AD223: =IFERROR(VLOOKUP(SSW[[#This Row],[Department]], Lists!$L$4:$M$7, 2, FALSE), "") -> Amri, Abdulrahman A | AE223: SCABA Practice | AF223: Weekly | AG223: WK-52 | AH223: A | AI223: FALSE
AC224: =$S$3 -> South_Service | AD224: =IFERROR(VLOOKUP(SSW[[#This Row],[Department]], Lists!$L$4:$M$7, 2, FALSE), "") -> Amri, Abdulrahman A
AC225: =$S$3 -> South_Service | AD225: =IFERROR(VLOOKUP(SSW[[#This Row],[Department]], Lists!$L$4:$M$7, 2, FALSE), "") -> Amri, Abdulrahman A
AC226: =$S$3 -> South_Service | AD226: =IFERROR(VLOOKUP(SSW[[#This Row],[Department]], Lists!$L$4:$M$7, 2, FALSE), "") -> Amri, Abdulrahman A
AC227: =$S$3 -> South_Service | AD227: =IFERROR(VLOOKUP(SSW[[#This Row],[Department]], Lists!$L$4:$M$7, 2, FALSE), "") -> Amri, Abdulrahman A
AC228: =$S$3 -> South_Service | AD228: =IFERROR(VLOOKUP(SSW[[#This Row],[Department]], Lists!$L$4:$M$7, 2, FALSE), "") -> Amri, Abdulrahman A
AC229: =$S$3 -> South_Service | AD229: =IFERROR(VLOOKUP(SSW[[#This Row],[Department]], Lists!$L$4:$M$7, 2, FALSE), "") -> Amri, Abdulrahman A
AC230: =$S$3 -> South_Service | AD230: =IFERROR(VLOOKUP(SSW[[#This Row],[Department]], Lists!$L$4:$M$7, 2, FALSE), "") -> Amri, Abdulrahman A
AC231: =$S$3 -> South_Service | AD231: =IFERROR(VLOOKUP(SSW[[#This Row],[Department]], Lists!$L$4:$M$7, 2, FALSE), "")
AC232: =$S$3 -> South_Service | AD232: =IFERROR(VLOOKUP(SSW[[#This Row],[Department]], Lists!$L$4:$M$7, 2, FALSE), "")
AC233: =$S$3 -> South_Service | AD233: =IFERROR(VLOOKUP(SSW[[#This Row],[Department]], Lists!$L$4:$M$7, 2, FALSE), "")
AC234: =$S$3 -> South_Service | AD234: =IFERROR(VLOOKUP(SSW[[#This Row],[Department]], Lists!$L$4:$M$7, 2, FALSE), "")
AC235: =$S$3 -> South_Service | AD235: =IFERROR(VLOOKUP(SSW[[#This Row],[Department]], Lists!$L$4:$M$7, 2, FALSE), "")
AC236: =$S$3 -> South_Service | AD236: =IFERROR(VLOOKUP(SSW[[#This Row],[Department]], Lists!$L$4:$M$7, 2, FALSE), "")

Sheet North_Service
S2: =IFERROR(VLOOKUP(E16, Lists!$L$4:$M$7, 2, FALSE), "") -> Ghamdi, Anas K
S3: North_Service
E15: Department | F15: Manager | G15: Requirement | H15: Year | I15: Month | J15: Total Annual Points | K15: Monthly Target | L15: Completed | M15: Pending | N15: Notes | AC15: Department | AD15: Manager | AE15: Task | AF15: Frequancy | AG15: Period | AH15: Group | AI15: Completed (✔/✖) | AJ15: Notes | BA15: Department | BB15: Manager | BC15: Task | BD15: Frequancy | BE15: Period | BF15: Group | BG15: Completed (✔/✖) | BH15: Notes | BW15: Department | BX15: Manager | BY15: Task | BZ15: Frequancy | CA15: Period | CB15: Group | CC15: Completed (✔/✖) | CD15: Notes
E16: =$S$3 -> North_Service | F16: =IFERROR(VLOOKUP(NSR[[#This Row],[Department]], Lists!$L$4:$M$7, 2, FALSE), "") -> Ghamdi, Anas K | G16: ANNLI | H16: 2025 | I16: January | J16: {=IFERROR( LOOKUP( 2,1/( ('Total Annual Points'!$B$5:$B$1000=E16)* ('Total Annual Points'!$C$5:$C$1000=G16)* ('Total Annual Points'!$D$5:$D$1000=H16)* (MATCH('Total Annual Points'!$E$5:$E$1000,{"January","February","March","April","May","June","July","August","September","October","November","December"},0) <=MATCH(I16,{"January","February","March","April","May","June","July","August","September","October","November","December"},0)) ), 'Total Annual Points'!$F$5:$F$1000 ), "")} | M16: =North_Service!$K16-North_Service!$L16 -> 0 | AC16: =$S$3 -> North_Service | AD16: =IFERROR(VLOOKUP(NSW[[#This Row],[Department]], Lists!$L$4:$M$7, 2, FALSE), "") -> Ghamdi, Anas K | AE16: Chemical Inventory | AF16: Weekly | AG16: WK-1 | AH16: A | AI16: FALSE | BA16: =$S$3 -> North_Service | BB16: =IFERROR(VLOOKUP(NSM[[#This Row],[Department]], Lists!$L$4:$M$7, 2, FALSE), "") -> Ghamdi, Anas K | BC16: Fire Monitor & Hose Reel | BD16: Monthly | BE16: January | BF16: A | BG16: FALSE | BW16: =$S$3 -> North_Service | BX16: =IFERROR(VLOOKUP(NSQ[[#This Row],[Department]], Lists!$L$4:$M$7, 2, FALSE), "") -> Ghamdi, Anas K | BY16: Hoist Crane | BZ16: Quarterly | CA16: 1st Quarter | CB16: A | CC16: FALSE
E17: =$S$3 -> North_Service | F17: =IFERROR(VLOOKUP(NSR[[#This Row],[Department]], Lists!$L$4:$M$7, 2, FALSE), "") -> Ghamdi, Anas K | G17: ANNLI | H17: 2025 | I17: February | J17: {=IFERROR( LOOKUP( 2,1/( ('Total Annual Points'!$B$5:$B$1000=E17)* ('Total Annual Points'!$C$5:$C$1000=G17)* ('Total Annual Points'!$D$5:$D$1000=H17)* (MATCH('Total Annual Points'!$E$5:$E$1000,{"January","February","March","April","May","June","July","August","September","October","November","December"},0) <=MATCH(I17,{"January","February","March","April","May","June","July","August","September","October","November","December"},0)) ), 'Total Annual Points'!$F$5:$F$1000 ), "")} | M17: =North_Service!$K17-North_Service!$L17 -> 0 | AC17: =$S$3 -> North_Service | AD17: =$S$2 -> Ghamdi, Anas K | AE17: Chemical Inventory | AF17: Weekly | AG17: WK-2 | AH17: B | AI17: FALSE | BA17: =$S$3 -> North_Service | BB17: =IFERROR(VLOOKUP(NSM[[#This Row],[Department]], Lists!$L$4:$M$7, 2, FALSE), "") -> Ghamdi, Anas K | BC17: Fire Monitor & Hose Reel | BD17: Monthly | BE17: February | BF17: B | BG17: FALSE | BW17: =$S$3 -> North_Service | BX17: =IFERROR(VLOOKUP(NSQ[[#This Row],[Department]], Lists!$L$4:$M$7, 2, FALSE), "") -> Ghamdi, Anas K | BY17: Hoist Crane | BZ17: Quarterly | CA17: 2nd Quarter | CB17: B | CC17: FALSE
E18: =$S$3 -> North_Service | F18: =IFERROR(VLOOKUP(NSR[[#This Row],[Department]], Lists!$L$4:$M$7, 2, FALSE), "") -> Ghamdi, Anas K | G18: ANNLI | H18: 2025 | I18: March | J18: {=IFERROR( LOOKUP( 2,1/( ('Total Annual Points'!$B$5:$B$1000=E18)* ('Total Annual Points'!$C$5:$C$1000=G18)* ('Total Annual Points'!$D$5:$D$1000=H18)* (MATCH('Total Annual Points'!$E$5:$E$1000,{"January","February","March","April","May","June","July","August","September","October","November","December"},0) <=MATCH(I18,{"January","February","March","April","May","June","July","August","September","October","November","December"},0)) ), 'Total Annual Points'!$F$5:$F$1000 ), "")} | M18: =North_Service!$K18-North_Service!$L18 -> 0 | AC18: =$S$3 -> North_Service | AD18: =$S$2 -> Ghamdi, Anas K | AE18: Chemical Inventory | AF18: Weekly | AG18: WK-3 | AH18: C | AI18: FALSE | BA18: =$S$3 -> North_Service | BB18: =IFERROR(VLOOKUP(NSM[[#This Row],[Department]], Lists!$L$4:$M$7, 2, FALSE), "") -> Ghamdi, Anas K | BC18: Fire Monitor & Hose Reel | BD18: Monthly | BE18: March | BF18: C | BG18: FALSE | BW18: =$S$3 -> North_Service | BX18: =IFERROR(VLOOKUP(NSQ[[#This Row],[Department]], Lists!$L$4:$M$7, 2, FALSE), "") -> Ghamdi, Anas K | BY18: Hoist Crane | BZ18: Quarterly | CA18: 3rd Quarter | CB18: C | CC18: FALSE
E19: =$S$3 -> North_Service | F19: =IFERROR(VLOOKUP(NSR[[#This Row],[Department]], Lists!$L$4:$M$7, 2, FALSE), "") -> Ghamdi, Anas K | G19: ANNLI | H19: 2025 | I19: April | J19: {=IFERROR( LOOKUP( 2,1/( ('Total Annual Points'!$B$5:$B$1000=E19)* ('Total Annual Points'!$C$5:$C$1000=G19)* ('Total Annual Points'!$D$5:$D$1000=H19)* (MATCH('Total Annual Points'!$E$5:$E$1000,{"January","February","March","April","May","June","July","August","September","October","November","December"},0) <=MATCH(I19,{"January","February","March","April","May","June","July","August","September","October","November","December"},0)) ), 'Total Annual Points'!$F$5:$F$1000 ), "")} | M19: =North_Service!$K19-North_Service!$L19 -> 0 | AC19: =$S$3 -> North_Service | AD19: =$S$2 -> Ghamdi, Anas K | AE19: Chemical Inventory | AF19: Weekly | AG19: WK-4 | AH19: A | AI19: FALSE | BA19: =$S$3 -> North_Service | BB19: =IFERROR(VLOOKUP(NSM[[#This Row],[Department]], Lists!$L$4:$M$7, 2, FALSE), "") -> Ghamdi, Anas K | BC19: Fire Monitor & Hose Reel | BD19: Monthly | BE19: April | BF19: A | BG19: FALSE | BW19: =$S$3 -> North_Service | BX19: =IFERROR(VLOOKUP(NSQ[[#This Row],[Department]], Lists!$L$4:$M$7, 2, FALSE), "") -> Ghamdi, Anas K | BY19: Hoist Crane | BZ19: Quarterly | CA19: 4th Quarter | CB19: A | CC19: FALSE
E20: =$S$3 -> North_Service | F20: =IFERROR(VLOOKUP(NSR[[#This Row],[Department]], Lists!$L$4:$M$7, 2, FALSE), "") -> Ghamdi, Anas K | G20: ANNLI | H20: 2025 | I20: May | J20: {=IFERROR( LOOKUP( 2,1/( ('Total Annual Points'!$B$5:$B$1000=E20)* ('Total Annual Points'!$C$5:$C$1000=G20)* ('Total Annual Points'!$D$5:$D$1000=H20)* (MATCH('Total Annual Points'!$E$5:$E$1000,{"January","February","March","April","May","June","July","August","September","October","November","December"},0) <=MATCH(I20,{"January","February","March","April","May","June","July","August","September","October","November","December"},0)) ), 'Total Annual Points'!$F$5:$F$1000 ), "")} | M20: =North_Service!$K20-North_Service!$L20 -> 0 | AC20: =$S$3 -> North_Service | AD20: =$S$2 -> Ghamdi, Anas K | AE20: Chemical Inventory | AF20: Weekly | AG20: WK-5 | AH20: B | AI20: FALSE | BA20: =$S$3 -> North_Service | BB20: =IFERROR(VLOOKUP(NSM[[#This Row],[Department]], Lists!$L$4:$M$7, 2, FALSE), "") -> Ghamdi, Anas K | BC20: Fire Monitor & Hose Reel | BD20: Monthly | BE20: May | BF20: B | BG20: FALSE | BW20: =$S$3 -> North_Service | BX20: =IFERROR(VLOOKUP(NSQ[[#This Row],[Department]], Lists!$L$4:$M$7, 2, FALSE), "") -> Ghamdi, Anas K | BY20: Wind Sock | BZ20: Quarterly | CA20: 1st Quarter | CB20: A | CC20: FALSE
E21: =$S$3 -> North_Service | F21: =IFERROR(VLOOKUP(NSR[[#This Row],[Department]], Lists!$L$4:$M$7, 2, FALSE), "") -> Ghamdi, Anas K | G21: ANNLI | H21: 2025 | I21: June | J21: {=IFERROR( LOOKUP( 2,1/( ('Total Annual Points'!$B$5:$B$1000=E21)* ('Total Annual Points'!$C$5:$C$1000=G21)* ('Total Annual Points'!$D$5:$D$1000=H21)* (MATCH('Total Annual Points'!$E$5:$E$1000,{"January","February","March","April","May","June","July","August","September","October","November","December"},0) <=MATCH(I21,{"January","February","March","April","May","June","July","August","September","October","November","December"},0)) ), 'Total Annual Points'!$F$5:$F$1000 ), "")} | M21: =North_Service!$K21-North_Service!$L21 -> 0 | AC21: =$S$3 -> North_Service | AD21: =$S$2 -> Ghamdi, Anas K | AE21: Chemical Inventory | AF21: Weekly | AG21: WK-6 | AH21: C | AI21: FALSE | BA21: =$S$3 -> North_Service | BB21: =IFERROR(VLOOKUP(NSM[[#This Row],[Department]], Lists!$L$4:$M$7, 2, FALSE), "") -> Ghamdi, Anas K | BC21: Fire Monitor & Hose Reel | BD21: Monthly | BE21: June | BF21: C | BG21: FALSE | BW21: =$S$3 -> North_Service | BX21: =IFERROR(VLOOKUP(NSQ[[#This Row],[Department]], Lists!$L$4:$M$7, 2, FALSE), "") -> Ghamdi, Anas K | BY21: Wind Sock | BZ21: Quarterly | CA21: 2nd Quarter | CB21: B | CC21: FALSE
E22: =$S$3 -> North_Service | F22: =IFERROR(VLOOKUP(NSR[[#This Row],[Department]], Lists!$L$4:$M$7, 2, FALSE), "") -> Ghamdi, Anas K | G22: ANNLI | H22: 2025 | I22: July | J22: {=IFERROR( LOOKUP( 2,1/( ('Total Annual Points'!$B$5:$B$1000=E22)* ('Total Annual Points'!$C$5:$C$1000=G22)* ('Total Annual Points'!$D$5:$D$1000=H22)* (MATCH('Total Annual Points'!$E$5:$E$1000,{"January","February","March","April","May","June","July","August","September","October","November","December"},0) <=MATCH(I22,{"January","February","March","April","May","June","July","August","September","October","November","December"},0)) ), 'Total Annual Points'!$F$5:$F$1000 ), "")} | M22: =North_Service!$K22-North_Service!$L22 -> 0 | AC22: =$S$3 -> North_Service | AD22: =$S$2 -> Ghamdi, Anas K | AE22: Chemical Inventory | AF22: Weekly | AG22: WK-7 | AH22: A | AI22: FALSE | BA22: =$S$3 -> North_Service | BB22: =IFERROR(VLOOKUP(NSM[[#This Row],[Department]], Lists!$L$4:$M$7, 2, FALSE), "") -> Ghamdi, Anas K | BC22: Fire Monitor & Hose Reel | BD22: Monthly | BE22: July | BF22: A | BG22: FALSE | BW22: =$S$3 -> North_Service | BX22: =IFERROR(VLOOKUP(NSQ[[#This Row],[Department]], Lists!$L$4:$M$7, 2, FALSE), "") -> Ghamdi, Anas K | BY22: Wind Sock | BZ22: Quarterly | CA22: 3rd Quarter | CB22: C | CC22: FALSE
E23: =$S$3 -> North_Service | F23: =IFERROR(VLOOKUP(NSR[[#This Row],[Department]], Lists!$L$4:$M$7, 2, FALSE), "") -> Ghamdi, Anas K | G23: ANNLI | H23: 2025 | I23: August | J23: {=IFERROR( LOOKUP( 2,1/( ('Total Annual Points'!$B$5:$B$1000=E23)* ('Total Annual Points'!$C$5:$C$1000=G23)* ('Total Annual Points'!$D$5:$D$1000=H23)* (MATCH('Total Annual Points'!$E$5:$E$1000,{"January","February","March","April","May","June","July","August","September","October","November","December"},0) <=MATCH(I23,{"January","February","March","April","May","June","July","August","September","October","November","December"},0)) ), 'Total Annual Points'!$F$5:$F$1000 ), "")} | M23: =North_Service!$K23-North_Service!$L23 -> 0 | AC23: =$S$3 -> North_Service | AD23: =$S$2 -> Ghamdi, Anas K | AE23: Chemical Inventory | AF23: Weekly | AG23: WK-8 | AH23: B | AI23: FALSE | BA23: =$S$3 -> North_Service | BB23: =IFERROR(VLOOKUP(NSM[[#This Row],[Department]], Lists!$L$4:$M$7, 2, FALSE), "") -> Ghamdi, Anas K | BC23: Fire Monitor & Hose Reel | BD23: Monthly | BE23: August | BF23: B | BG23: FALSE | BW23: =$S$3 -> North_Service | BX23: =IFERROR(VLOOKUP(NSQ[[#This Row],[Department]], Lists!$L$4:$M$7, 2, FALSE), "") -> Ghamdi, Anas K | BY23: Wind Sock | BZ23: Quarterly | CA23: 4th Quarter | CB23: A | CC23: FALSE
E24: =$S$3 -> North_Service | F24: =IFERROR(VLOOKUP(NSR[[#This Row],[Department]], Lists!$L$4:$M$7, 2, FALSE), "") -> Ghamdi, Anas K | G24: ANNLI | H24: 2025 | I24: September | J24: {=IFERROR( LOOKUP( 2,1/( ('Total Annual Points'!$B$5:$B$1000=E24)* ('Total Annual Points'!$C$5:$C$1000=G24)* ('Total Annual Points'!$D$5:$D$1000=H24)* (MATCH('Total Annual Points'!$E$5:$E$1000,{"January","February","March","April","May","June","July","August","September","October","November","December"},0) <=MATCH(I24,{"January","February","March","April","May","June","July","August","September","October","November","December"},0)) ), 'Total Annual Points'!$F$5:$F$1000 ), "")} | M24: =North_Service!$K24-North_Service!$L24 -> 0 | AC24: =$S$3 -> North_Service | AD24: =$S$2 -> Ghamdi, Anas K | AE24: Chemical Inventory | AF24: Weekly | AG24: WK-9 | AH24: C | AI24: FALSE | BA24: =$S$3 -> North_Service | BB24: =IFERROR(VLOOKUP(NSM[[#This Row],[Department]], Lists!$L$4:$M$7, 2, FALSE), "") -> Ghamdi, Anas K | BC24: Fire Monitor & Hose Reel | BD24: Monthly | BE24: September | BF24: C | BG24: FALSE | BW24: =$S$3 -> North_Service | BX24: =IFERROR(VLOOKUP(NSQ[[#This Row],[Department]], Lists!$L$4:$M$7, 2, FALSE), "")
E25: =$S$3 -> North_Service | F25: =IFERROR(VLOOKUP(NSR[[#This Row],[Department]], Lists!$L$4:$M$7, 2, FALSE), "") -> Ghamdi, Anas K | G25: ANNLI | H25: 2025 | I25: October | J25: {=IFERROR( LOOKUP( 2,1/( ('Total Annual Points'!$B$5:$B$1000=E25)* ('Total Annual Points'!$C$5:$C$1000=G25)* ('Total Annual Points'!$D$5:$D$1000=H25)* (MATCH('Total Annual Points'!$E$5:$E$1000,{"January","February","March","April","May","June","July","August","September","October","November","December"},0) <=MATCH(I25,{"January","February","March","April","May","June","July","August","September","October","November","December"},0)) ), 'Total Annual Points'!$F$5:$F$1000 ), "")} | M25: =North_Service!$K25-North_Service!$L25 -> 0 | AC25: =$S$3 -> North_Service | AD25: =$S$2 -> Ghamdi, Anas K | AE25: Chemical Inventory | AF25: Weekly | AG25: WK-10 | AH25: A | AI25: FALSE | BA25: =$S$3 -> North_Service | BB25: =IFERROR(VLOOKUP(NSM[[#This Row],[Department]], Lists!$L$4:$M$7, 2, FALSE), "") -> Ghamdi, Anas K | BC25: Fire Monitor & Hose Reel | BD25: Monthly | BE25: October | BF25: A | BG25: FALSE
E26: =$S$3 -> North_Service | F26: =IFERROR(VLOOKUP(NSR[[#This Row],[Department]], Lists!$L$4:$M$7, 2, FALSE), "") -> Ghamdi, Anas K | G26: ANNLI | H26: 2025 | I26: November | J26: {=IFERROR( LOOKUP( 2,1/( ('Total Annual Points'!$B$5:$B$1000=E26)* ('Total Annual Points'!$C$5:$C$1000=G26)* ('Total Annual Points'!$D$5:$D$1000=H26)* (MATCH('Total Annual Points'!$E$5:$E$1000,{"January","February","March","April","May","June","July","August","September","October","November","December"},0) <=MATCH(I26,{"January","February","March","April","May","June","July","August","September","October","November","December"},0)) ), 'Total Annual Points'!$F$5:$F$1000 ), "")} | M26: =North_Service!$K26-North_Service!$L26 -> 0 | AC26: =$S$3 -> North_Service | AD26: =$S$2 -> Ghamdi, Anas K | AE26: Chemical Inventory | AF26: Weekly | AG26: WK-11 | AH26: B | AI26: FALSE | BA26: =$S$3 -> North_Service | BB26: =IFERROR(VLOOKUP(NSM[[#This Row],[Department]], Lists!$L$4:$M$7, 2, FALSE), "") -> Ghamdi, Anas K | BC26: Fire Monitor & Hose Reel | BD26: Monthly | BE26: November | BF26: B | BG26: FALSE
E27: =$S$3 -> North_Service | F27: =IFERROR(VLOOKUP(NSR[[#This Row],[Department]], Lists!$L$4:$M$7, 2, FALSE), "") -> Ghamdi, Anas K | G27: ANNLI | H27: 2025 | I27: December | J27: {=IFERROR( LOOKUP( 2,1/( ('Total Annual Points'!$B$5:$B$1000=E27)* ('Total Annual Points'!$C$5:$C$1000=G27)* ('Total Annual Points'!$D$5:$D$1000=H27)* (MATCH('Total Annual Points'!$E$5:$E$1000,{"January","February","March","April","May","June","July","August","September","October","November","December"},0) <=MATCH(I27,{"January","February","March","April","May","June","July","August","September","October","November","December"},0)) ), 'Total Annual Points'!$F$5:$F$1000 ), "")} | M27: =North_Service!$K27-North_Service!$L27 -> 0 | AC27: =$S$3 -> North_Service | AD27: =$S$2 -> Ghamdi, Anas K | AE27: Chemical Inventory | AF27: Weekly | AG27: WK-12 | AH27: C | AI27: FALSE | BA27: =$S$3 -> North_Service | BB27: =IFERROR(VLOOKUP(NSM[[#This Row],[Department]], Lists!$L$4:$M$7, 2, FALSE), "") -> Ghamdi, Anas K | BC27: Fire Monitor & Hose Reel | BD27: Monthly | BE27: December | BF27: C | BG27: FALSE
E28: =$S$3 -> North_Service | F28: =IFERROR(VLOOKUP(NSR[[#This Row],[Department]], Lists!$L$4:$M$7, 2, FALSE), "") -> Ghamdi, Anas K | G28: ANSI | H28: 2025 | I28: January | J28: {=IFERROR( LOOKUP( 2,1/( ('Total Annual Points'!$B$5:$B$1000=E28)* ('Total Annual Points'!$C$5:$C$1000=G28)* ('Total Annual Points'!$D$5:$D$1000=H28)* (MATCH('Total Annual Points'!$E$5:$E$1000,{"January","February","March","April","May","June","July","August","September","October","November","December"},0) <=MATCH(I28,{"January","February","March","April","May","June","July","August","September","October","November","December"},0)) ), 'Total Annual Points'!$F$5:$F$1000 ), "")} | M28: =North_Service!$K28-North_Service!$L28 -> 0 | AC28: =$S$3 -> North_Service | AD28: =$S$2 -> Ghamdi, Anas K | AE28: Chemical Inventory | AF28: Weekly | AG28: WK-13 | AH28: A | AI28: FALSE | BA28: =$S$3 -> North_Service | BB28: =IFERROR(VLOOKUP(NSM[[#This Row],[Department]], Lists!$L$4:$M$7, 2, FALSE), "") -> Ghamdi, Anas K | BC28: Scraper Area Checklist | BD28: Monthly | BE28: January | BF28: A | BG28: FALSE
E29: =$S$3 -> North_Service | F29: =IFERROR(VLOOKUP(NSR[[#This Row],[Department]], Lists!$L$4:$M$7, 2, FALSE), "") -> Ghamdi, Anas K | G29: ANSI | H29: 2025 | I29: February | J29: {=IFERROR( LOOKUP( 2,1/( ('Total Annual Points'!$B$5:$B$1000=E29)* ('Total Annual Points'!$C$5:$C$1000=G29)* ('Total Annual Points'!$D$5:$D$1000=H29)* (MATCH('Total Annual Points'!$E$5:$E$1000,{"January","February","March","April","May","June","July","August","September","October","November","December"},0) <=MATCH(I29,{"January","February","March","April","May","June","July","August","September","October","November","December"},0)) ), 'Total Annual Points'!$F$5:$F$1000 ), "")} | M29: =North_Service!$K29-North_Service!$L29 -> 0 | AC29: =$S$3 -> North_Service | AD29: =$S$2 -> Ghamdi, Anas K | AE29: Chemical Inventory | AF29: Weekly | AG29: WK-14 | AH29: B | AI29: FALSE | BA29: =$S$3 -> North_Service | BB29: =IFERROR(VLOOKUP(NSM[[#This Row],[Department]], Lists!$L$4:$M$7, 2, FALSE), "") -> Ghamdi, Anas K | BC29: Scraper Area Checklist | BD29: Monthly | BE29: February | BF29: B | BG29: FALSE
E30: =$S$3 -> North_Service | F30: =IFERROR(VLOOKUP(NSR[[#This Row],[Department]], Lists!$L$4:$M$7, 2, FALSE), "") -> Ghamdi, Anas K | G30: ANSI | H30: 2025 | I30: March | J30: {=IFERROR( LOOKUP( 2,1/( ('Total Annual Points'!$B$5:$B$1000=E30)* ('Total Annual Points'!$C$5:$C$1000=G30)* ('Total Annual Points'!$D$5:$D$1000=H30)* (MATCH('Total Annual Points'!$E$5:$E$1000,{"January","February","March","April","May","June","July","August","September","October","November","December"},0) <=MATCH(I30,{"January","February","March","April","May","June","July","August","September","October","November","December"},0)) ), 'Total Annual Points'!$F$5:$F$1000 ), "")} | M30: =North_Service!$K30-North_Service!$L30 -> 0 | AC30: =$S$3 -> North_Service | AD30: =$S$2 -> Ghamdi, Anas K | AE30: Chemical Inventory | AF30: Weekly | AG30: WK-15 | AH30: C | AI30: FALSE | BA30: =$S$3 -> North_Service | BB30: =IFERROR(VLOOKUP(NSM[[#This Row],[Department]], Lists!$L$4:$M$7, 2, FALSE), "") -> Ghamdi, Anas K | BC30: Scraper Area Checklist | BD30: Monthly | BE30: March | BF30: C | BG30: FALSE
E31: =$S$3 -> North_Service | F31: =IFERROR(VLOOKUP(NSR[[#This Row],[Department]], Lists!$L$4:$M$7, 2, FALSE), "") -> Ghamdi, Anas K | G31: ANSI | H31: 2025 | I31: April | J31: {=IFERROR( LOOKUP( 2,1/( ('Total Annual Points'!$B$5:$B$1000=E31)* ('Total Annual Points'!$C$5:$C$1000=G31)* ('Total Annual Points'!$D$5:$D$1000=H31)* (MATCH('Total Annual Points'!$E$5:$E$1000,{"January","February","March","April","May","June","July","August","September","October","November","December"},0) <=MATCH(I31,{"January","February","March","April","May","June","July","August","September","October","November","December"},0)) ), 'Total Annual Points'!$F$5:$F$1000 ), "")} | M31: =North_Service!$K31-North_Service!$L31 -> 0 | AC31: =$S$3 -> North_Service | AD31: =$S$2 -> Ghamdi, Anas K | AE31: Chemical Inventory | AF31: Weekly | AG31: WK-16 | AH31: A | AI31: FALSE | BA31: =$S$3 -> North_Service | BB31: =IFERROR(VLOOKUP(NSM[[#This Row],[Department]], Lists!$L$4:$M$7, 2, FALSE), "") -> Ghamdi, Anas K | BC31: Scraper Area Checklist | BD31: Monthly | BE31: April | BF31: A | BG31: FALSE
E32: =$S$3 -> North_Service | F32: =IFERROR(VLOOKUP(NSR[[#This Row],[Department]], Lists!$L$4:$M$7, 2, FALSE), "") -> Ghamdi, Anas K | G32: ANSI | H32: 2025 | I32: May | J32: {=IFERROR( LOOKUP( 2,1/( ('Total Annual Points'!$B$5:$B$1000=E32)* ('Total Annual Points'!$C$5:$C$1000=G32)* ('Total Annual Points'!$D$5:$D$1000=H32)* (MATCH('Total Annual Points'!$E$5:$E$1000,{"January","February","March","April","May","June","July","August","September","October","November","December"},0) <=MATCH(I32,{"January","February","March","April","May","June","July","August","September","October","November","December"},0)) ), 'Total Annual Points'!$F$5:$F$1000 ), "")} | M32: =North_Service!$K32-North_Service!$L32 -> 0 | AC32: =$S$3 -> North_Service | AD32: =$S$2 -> Ghamdi, Anas K | AE32: Chemical Inventory | AF32: Weekly | AG32: WK-17 | AH32: B | AI32: FALSE | BA32: =$S$3 -> North_Service | BB32: =IFERROR(VLOOKUP(NSM[[#This Row],[Department]], Lists!$L$4:$M$7, 2, FALSE), "") -> Ghamdi, Anas K | BC32: Scraper Area Checklist | BD32: Monthly | BE32: May | BF32: B | BG32: FALSE
E33: =$S$3 -> North_Service | F33: =IFERROR(VLOOKUP(NSR[[#This Row],[Department]], Lists!$L$4:$M$7, 2, FALSE), "") -> Ghamdi, Anas K | G33: ANSI | H33: 2025 | I33: June | J33: {=IFERROR( LOOKUP( 2,1/( ('Total Annual Points'!$B$5:$B$1000=E33)* ('Total Annual Points'!$C$5:$C$1000=G33)* ('Total Annual Points'!$D$5:$D$1000=H33)* (MATCH('Total Annual Points'!$E$5:$E$1000,{"January","February","March","April","May","June","July","August","September","October","November","December"},0) <=MATCH(I33,{"January","February","March","April","May","June","July","August","September","October","November","December"},0)) ), 'Total Annual Points'!$F$5:$F$1000 ), "")} | M33: =North_Service!$K33-North_Service!$L33 -> 0 | AC33: =$S$3 -> North_Service | AD33: =$S$2 -> Ghamdi, Anas K | AE33: Chemical Inventory | AF33: Weekly | AG33: WK-18 | AH33: C | AI33: FALSE | BA33: =$S$3 -> North_Service | BB33: =IFERROR(VLOOKUP(NSM[[#This Row],[Department]], Lists!$L$4:$M$7, 2, FALSE), "") -> Ghamdi, Anas K | BC33: Scraper Area Checklist | BD33: Monthly | BE33: June | BF33: C | BG33: FALSE
E34: =$S$3 -> North_Service | F34: =IFERROR(VLOOKUP(NSR[[#This Row],[Department]], Lists!$L$4:$M$7, 2, FALSE), "") -> Ghamdi, Anas K | G34: ANSI | H34: 2025 | I34: July | J34: {=IFERROR( LOOKUP( 2,1/( ('Total Annual Points'!$B$5:$B$1000=E34)* ('Total Annual Points'!$C$5:$C$1000=G34)* ('Total Annual Points'!$D$5:$D$1000=H34)* (MATCH('Total Annual Points'!$E$5:$E$1000,{"January","February","March","April","May","June","July","August","September","October","November","December"},0) <=MATCH(I34,{"January","February","March","April","May","June","July","August","September","October","November","December"},0)) ), 'Total Annual Points'!$F$5:$F$1000 ), "")} | M34: =North_Service!$K34-North_Service!$L34 -> 0 | AC34: =$S$3 -> North_Service | AD34: =$S$2 -> Ghamdi, Anas K | AE34: Chemical Inventory | AF34: Weekly | AG34: WK-19 | AH34: A | AI34: FALSE | BA34: =$S$3 -> North_Service | BB34: =IFERROR(VLOOKUP(NSM[[#This Row],[Department]], Lists!$L$4:$M$7, 2, FALSE), "") -> Ghamdi, Anas K | BC34: Scraper Area Checklist | BD34: Monthly | BE34: July | BF34: A | BG34: FALSE
E35: =$S$3 -> North_Service | F35: =IFERROR(VLOOKUP(NSR[[#This Row],[Department]], Lists!$L$4:$M$7, 2, FALSE), "") -> Ghamdi, Anas K | G35: ANSI | H35: 2025 | I35: August | J35: {=IFERROR( LOOKUP( 2,1/( ('Total Annual Points'!$B$5:$B$1000=E35)* ('Total Annual Points'!$C$5:$C$1000=G35)* ('Total Annual Points'!$D$5:$D$1000=H35)* (MATCH('Total Annual Points'!$E$5:$E$1000,{"January","February","March","April","May","June","July","August","September","October","November","December"},0) <=MATCH(I35,{"January","February","March","April","May","June","July","August","September","October","November","December"},0)) ), 'Total Annual Points'!$F$5:$F$1000 ), "")} | M35: =North_Service!$K35-North_Service!$L35 -> 0 | AC35: =$S$3 -> North_Service | AD35: =$S$2 -> Ghamdi, Anas K | AE35: Chemical Inventory | AF35: Weekly | AG35: WK-20 | AH35: B | AI35: FALSE | BA35: =$S$3 -> North_Service | BB35: =IFERROR(VLOOKUP(NSM[[#This Row],[Department]], Lists!$L$4:$M$7, 2, FALSE), "") -> Ghamdi, Anas K | BC35: Scraper Area Checklist | BD35: Monthly | BE35: August | BF35: B | BG35: FALSE
E36: =$S$3 -> North_Service | F36: =IFERROR(VLOOKUP(NSR[[#This Row],[Department]], Lists!$L$4:$M$7, 2, FALSE), "") -> Ghamdi, Anas K | G36: ANSI | H36: 2025 | I36: September | J36: {=IFERROR( LOOKUP( 2,1/( ('Total Annual Points'!$B$5:$B$1000=E36)* ('Total Annual Points'!$C$5:$C$1000=G36)* ('Total Annual Points'!$D$5:$D$1000=H36)* (MATCH('Total Annual Points'!$E$5:$E$1000,{"January","February","March","April","May","June","July","August","September","October","November","December"},0) <=MATCH(I36,{"January","February","March","April","May","June","July","August","September","October","November","December"},0)) ), 'Total Annual Points'!$F$5:$F$1000 ), "")} | M36: =North_Service!$K36-North_Service!$L36 -> 0 | AC36: =$S$3 -> North_Service | AD36: =$S$2 -> Ghamdi, Anas K | AE36: Chemical Inventory | AF36: Weekly | AG36: WK-21 | AH36: C | AI36: FALSE | BA36: =$S$3 -> North_Service | BB36: =IFERROR(VLOOKUP(NSM[[#This Row],[Department]], Lists!$L$4:$M$7, 2, FALSE), "") -> Ghamdi, Anas K | BC36: Scraper Area Checklist | BD36: Monthly | BE36: September | BF36: C | BG36: FALSE
... E51: =$S$3 -> North_Service | F51: =IFERROR(VLOOKUP(NSR[[#This Row],[Department]], Lists!$L$4:$M$7, 2, FALSE), "") -> Ghamdi, Anas K | G51: Scraper | H51: 2025 | I51: December | J51: {=IFERROR( LOOKUP( 2,1/( ('Total Annual Points'!$B$5:$B$1000=E51)* ('Total Annual Points'!$C$5:$C$1000=G51)* ('Total Annual Points'!$D$5:$D$1000=H51)* (MATCH('Total Annual Points'!$E$5:$E$1000,{"January","February","March","April","May","June","July","August","September","October","November","December"},0) <=MATCH(I51,{"January","February","March","April","May","June","July","August","September","October","November","December"},0)) ), 'Total Annual Points'!$F$5:$F$1000 ), "")} | M51: =North_Service!$K51-North_Service!$L51 -> 0 | AC51: =$S$3 -> North_Service | AD51: =$S$2 -> Ghamdi, Anas K | AE51: Chemical Inventory | AF51: Weekly | AG51: WK-36 | AH51: C | AI51: FALSE | BA51: =$S$3 -> North_Service | BB51: =IFERROR(VLOOKUP(NSM[[#This Row],[Department]], Lists!$L$4:$M$7, 2, FALSE), "") -> Ghamdi, Anas K | BC51: Scraper PZV & Car Seal | BD51: Monthly | BE51: December | BF51: C | BG51: FALSE
E52: =$S$3 -> North_Service | F52: =IFERROR(VLOOKUP(NSR[[#This Row],[Department]], Lists!$L$4:$M$7, 2, FALSE), "") -> Ghamdi, Anas K | G52: SSSV | H52: 2025 | I52: January | J52: {=IFERROR( LOOKUP( 2,1/( ('Total Annual Points'!$B$5:$B$1000=E52)* ('Total Annual Points'!$C$5:$C$1000=G52)* ('Total Annual Points'!$D$5:$D$1000=H52)* (MATCH('Total Annual Points'!$E$5:$E$1000,{"January","February","March","April","May","June","July","August","September","October","November","December"},0) <=MATCH(I52,{"January","February","March","April","May","June","July","August","September","October","November","December"},0)) ), 'Total Annual Points'!$F$5:$F$1000 ), "")} | M52: =North_Service!$K52-North_Service!$L52 -> 0 | AC52: =$S$3 -> North_Service | AD52: =$S$2 -> Ghamdi, Anas K | AE52: Chemical Inventory | AF52: Weekly | AG52: WK-37 | AH52: A | AI52: FALSE | BA52: =$S$3 -> North_Service | BB52: =IFERROR(VLOOKUP(NSM[[#This Row],[Department]], Lists!$L$4:$M$7, 2, FALSE), "")
E53: =$S$3 -> North_Service | F53: =IFERROR(VLOOKUP(NSR[[#This Row],[Department]], Lists!$L$4:$M$7, 2, FALSE), "") -> Ghamdi, Anas K | G53: SSSV | H53: 2025 | I53: February | J53: {=IFERROR( LOOKUP( 2,1/( ('Total Annual Points'!$B$5:$B$1000=E53)* ('Total Annual Points'!$C$5:$C$1000=G53)* ('Total Annual Points'!$D$5:$D$1000=H53)* (MATCH('Total Annual Points'!$E$5:$E$1000,{"January","February","March","April","May","June","July","August","September","October","November","December"},0) <=MATCH(I53,{"January","February","March","April","May","June","July","August","September","October","November","December"},0)) ), 'Total Annual Points'!$F$5:$F$1000 ), "")} | M53: =North_Service!$K53-North_Service!$L53 -> 0 | AC53: =$S$3 -> North_Service | AD53: =$S$2 -> Ghamdi, Anas K | AE53: Chemical Inventory | AF53: Weekly | AG53: WK-38 | AH53: B | AI53: FALSE | BA53: =$S$3 -> North_Service | BB53: =IFERROR(VLOOKUP(NSM[[#This Row],[Department]], Lists!$L$4:$M$7, 2, FALSE), "")
E54: =$S$3 -> North_Service | F54: =IFERROR(VLOOKUP(NSR[[#This Row],[Department]], Lists!$L$4:$M$7, 2, FALSE), "") -> Ghamdi, Anas K | G54: SSSV | H54: 2025 | I54: March | J54: {=IFERROR( LOOKUP( 2,1/( ('Total Annual Points'!$B$5:$B$1000=E54)* ('Total Annual Points'!$C$5:$C$1000=G54)* ('Total Annual Points'!$D$5:$D$1000=H54)* (MATCH('Total Annual Points'!$E$5:$E$1000,{"January","February","March","April","May","June","July","August","September","October","November","December"},0) <=MATCH(I54,{"January","February","March","April","May","June","July","August","September","October","November","December"},0)) ), 'Total Annual Points'!$F$5:$F$1000 ), "")} | M54: =North_Service!$K54-North_Service!$L54 -> 0 | AC54: =$S$3 -> North_Service | AD54: =IFERROR(VLOOKUP(NSW[[#This Row],[Department]], Lists!$L$4:$M$7, 2, FALSE), "") -> Ghamdi, Anas K | AE54: Chemical Inventory | AF54: Weekly | AG54: WK-39 | AH54: C | AI54: FALSE | BA54: =$S$3 -> North_Service | BB54: =IFERROR(VLOOKUP(NSM[[#This Row],[Department]], Lists!$L$4:$M$7, 2, FALSE), "")
E55: =$S$3 -> North_Service | F55: =IFERROR(VLOOKUP(NSR[[#This Row],[Department]], Lists!$L$4:$M$7, 2, FALSE), "") -> Ghamdi, Anas K | G55: SSSV | H55: 2025 | I55: April | J55: {=IFERROR( LOOKUP( 2,1/( ('Total Annual Points'!$B$5:$B$1000=E55)* ('Total Annual Points'!$C$5:$C$1000=G55)* ('Total Annual Points'!$D$5:$D$1000=H55)* (MATCH('Total Annual Points'!$E$5:$E$1000,{"January","February","March","April","May","June","July","August","September","October","November","December"},0) <=MATCH(I55,{"January","February","March","April","May","June","July","August","September","October","November","December"},0)) ), 'Total Annual Points'!$F$5:$F$1000 ), "")} | M55: =North_Service!$K55-North_Service!$L55 -> 0 | AC55: =$S$3 -> North_Service | AD55: =IFERROR(VLOOKUP(NSW[[#This Row],[Department]], Lists!$L$4:$M$7, 2, FALSE), "") -> Ghamdi, Anas K | AE55: Chemical Inventory | AF55: Weekly | AG55: WK-40 | AH55: A | AI55: FALSE | BA55: =$S$3 -> North_Service | BB55: =IFERROR(VLOOKUP(NSM[[#This Row],[Department]], Lists!$L$4:$M$7, 2, FALSE), "")
E56: =$S$3 -> North_Service | F56: =IFERROR(VLOOKUP(NSR[[#This Row],[Department]], Lists!$L$4:$M$7, 2, FALSE), "") -> Ghamdi, Anas K | G56: SSSV | H56: 2025 | I56: May | J56: {=IFERROR( LOOKUP( 2,1/( ('Total Annual Points'!$B$5:$B$1000=E56)* ('Total Annual Points'!$C$5:$C$1000=G56)* ('Total Annual Points'!$D$5:$D$1000=H56)* (MATCH('Total Annual Points'!$E$5:$E$1000,{"January","February","March","April","May","June","July","August","September","October","November","December"},0) <=MATCH(I56,{"January","February","March","April","May","June","July","August","September","October","November","December"},0)) ), 'Total Annual Points'!$F$5:$F$1000 ), "")} | M56: =North_Service!$K56-North_Service!$L56 -> 0 | AC56: =$S$3 -> North_Service | AD56: =IFERROR(VLOOKUP(NSW[[#This Row],[Department]], Lists!$L$4:$M$7, 2, FALSE), "") -> Ghamdi, Anas K | AE56: Chemical Inventory | AF56: Weekly | AG56: WK-41 | AH56: B | AI56: FALSE | BA56: =$S$3 -> North_Service | BB56: =IFERROR(VLOOKUP(NSM[[#This Row],[Department]], Lists!$L$4:$M$7, 2, FALSE), "")
E57: =$S$3 -> North_Service | F57: =IFERROR(VLOOKUP(NSR[[#This Row],[Department]], Lists!$L$4:$M$7, 2, FALSE), "") -> Ghamdi, Anas K | G57: SSSV | H57: 2025 | I57: June | J57: {=IFERROR( LOOKUP( 2,1/( ('Total Annual Points'!$B$5:$B$1000=E57)* ('Total Annual Points'!$C$5:$C$1000=G57)* ('Total Annual Points'!$D$5:$D$1000=H57)* (MATCH('Total Annual Points'!$E$5:$E$1000,{"January","February","March","April","May","June","July","August","September","October","November","December"},0) <=MATCH(I57,{"January","February","March","April","May","June","July","August","September","October","November","December"},0)) ), 'Total Annual Points'!$F$5:$F$1000 ), "")} | M57: =North_Service!$K57-North_Service!$L57 -> 0 | AC57: =$S$3 -> North_Service | AD57: =IFERROR(VLOOKUP(NSW[[#This Row],[Department]], Lists!$L$4:$M$7, 2, FALSE), "") -> Ghamdi, Anas K | AE57: Chemical Inventory | AF57: Weekly | AG57: WK-42 | AH57: C | AI57: FALSE | BA57: =$S$3 -> North_Service | BB57: =IFERROR(VLOOKUP(NSM[[#This Row],[Department]], Lists!$L$4:$M$7, 2, FALSE), "")
E58: =$S$3 -> North_Service | F58: =IFERROR(VLOOKUP(NSR[[#This Row],[Department]], Lists!$L$4:$M$7, 2, FALSE), "") -> Ghamdi, Anas K | G58: SSSV | H58: 2025 | I58: July | J58: {=IFERROR( LOOKUP( 2,1/( ('Total Annual Points'!$B$5:$B$1000=E58)* ('Total Annual Points'!$C$5:$C$1000=G58)* ('Total Annual Points'!$D$5:$D$1000=H58)* (MATCH('Total Annual Points'!$E$5:$E$1000,{"January","February","March","April","May","June","July","August","September","October","November","December"},0) <=MATCH(I58,{"January","February","March","April","May","June","July","August","September","October","November","December"},0)) ), 'Total Annual Points'!$F$5:$F$1000 ), "")} | M58: =North_Service!$K58-North_Service!$L58 -> 0 | AC58: =$S$3 -> North_Service | AD58: =IFERROR(VLOOKUP(NSW[[#This Row],[Department]], Lists!$L$4:$M$7, 2, FALSE), "") -> Ghamdi, Anas K | AE58: Chemical Inventory | AF58: Weekly | AG58: WK-43 | AH58: A | AI58: FALSE | BA58: =$S$3 -> North_Service | BB58: =IFERROR(VLOOKUP(NSM[[#This Row],[Department]], Lists!$L$4:$M$7, 2, FALSE), "")
E59: =$S$3 -> North_Service | F59: =IFERROR(VLOOKUP(NSR[[#This Row],[Department]], Lists!$L$4:$M$7, 2, FALSE), "") -> Ghamdi, Anas K | G59: SSSV | H59: 2025 | I59: August | J59: {=IFERROR( LOOKUP( 2,1/( ('Total Annual Points'!$B$5:$B$1000=E59)* ('Total Annual Points'!$C$5:$C$1000=G59)* ('Total Annual Points'!$D$5:$D$1000=H59)* (MATCH('Total Annual Points'!$E$5:$E$1000,{"January","February","March","April","May","June","July","August","September","October","November","December"},0) <=MATCH(I59,{"January","February","March","April","May","June","July","August","September","October","November","December"},0)) ), 'Total Annual Points'!$F$5:$F$1000 ), "")} | M59: =North_Service!$K59-North_Service!$L59 -> 0 | AC59: =$S$3 -> North_Service | AD59: =IFERROR(VLOOKUP(NSW[[#This Row],[Department]], Lists!$L$4:$M$7, 2, FALSE), "") -> Ghamdi, Anas K | AE59: Chemical Inventory | AF59: Weekly | AG59: WK-44 | AH59: B | AI59: FALSE | BA59: =$S$3 -> North_Service | BB59: =IFERROR(VLOOKUP(NSM[[#This Row],[Department]], Lists!$L$4:$M$7, 2, FALSE), "")
E60: =$S$3 -> North_Service | F60: =IFERROR(VLOOKUP(NSR[[#This Row],[Department]], Lists!$L$4:$M$7, 2, FALSE), "") -> Ghamdi, Anas K | G60: SSSV | H60: 2025 | I60: September | J60: {=IFERROR( LOOKUP( 2,1/( ('Total Annual Points'!$B$5:$B$1000=E60)* ('Total Annual Points'!$C$5:$C$1000=G60)* ('Total Annual Points'!$D$5:$D$1000=H60)* (MATCH('Total Annual Points'!$E$5:$E$1000,{"January","February","March","April","May","June","July","August","September","October","November","December"},0) <=MATCH(I60,{"January","February","March","April","May","June","July","August","September","October","November","December"},0)) ), 'Total Annual Points'!$F$5:$F$1000 ), "")} | M60: =North_Service!$K60-North_Service!$L60 -> 0 | AC60: =$S$3 -> North_Service | AD60: =IFERROR(VLOOKUP(NSW[[#This Row],[Department]], Lists!$L$4:$M$7, 2, FALSE), "") -> Ghamdi, Anas K | AE60: Chemical Inventory | AF60: Weekly | AG60: WK-45 | AH60: C | AI60: FALSE | BA60: =$S$3 -> North_Service | BB60: =IFERROR(VLOOKUP(NSM[[#This Row],[Department]], Lists!$L$4:$M$7, 2, FALSE), "")
E61: =$S$3 -> North_Service | F61: =IFERROR(VLOOKUP(NSR[[#This Row],[Department]], Lists!$L$4:$M$7, 2, FALSE), "") -> Ghamdi, Anas K | G61: SSSV | H61: 2025 | I61: October | J61: {=IFERROR( LOOKUP( 2,1/( ('Total Annual Points'!$B$5:$B$1000=E61)* ('Total Annual Points'!$C$5:$C$1000=G61)* ('Total Annual Points'!$D$5:$D$1000=H61)* (MATCH('Total Annual Points'!$E$5:$E$1000,{"January","February","March","April","May","June","July","August","September","October","November","December"},0) <=MATCH(I61,{"January","February","March","April","May","June","July","August","September","October","November","December"},0)) ), 'Total Annual Points'!$F$5:$F$1000 ), "")} | M61: =North_Service!$K61-North_Service!$L61 -> 0 | AC61: =$S$3 -> North_Service | AD61: =IFERROR(VLOOKUP(NSW[[#This Row],[Department]], Lists!$L$4:$M$7, 2, FALSE), "") -> Ghamdi, Anas K | AE61: Chemical Inventory | AF61: Weekly | AG61: WK-46 | AH61: A | AI61: FALSE | BA61: =$S$3 -> North_Service | BB61: =IFERROR(VLOOKUP(NSM[[#This Row],[Department]], Lists!$L$4:$M$7, 2, FALSE), "")
E62: =$S$3 -> North_Service | F62: =IFERROR(VLOOKUP(NSR[[#This Row],[Department]], Lists!$L$4:$M$7, 2, FALSE), "") -> Ghamdi, Anas K | G62: SSSV | H62: 2025 | I62: November | J62: {=IFERROR( LOOKUP( 2,1/( ('Total Annual Points'!$B$5:$B$1000=E62)* ('Total Annual Points'!$C$5:$C$1000=G62)* ('Total Annual Points'!$D$5:$D$1000=H62)* (MATCH('Total Annual Points'!$E$5:$E$1000,{"January","February","March","April","May","June","July","August","September","October","November","December"},0) <=MATCH(I62,{"January","February","March","April","May","June","July","August","September","October","November","December"},0)) ), 'Total Annual Points'!$F$5:$F$1000 ), "")} | M62: =North_Service!$K62-North_Service!$L62 -> 0 | AC62: =$S$3 -> North_Service | AD62: =IFERROR(VLOOKUP(NSW[[#This Row],[Department]], Lists!$L$4:$M$7, 2, FALSE), "") -> Ghamdi, Anas K | AE62: Chemical Inventory | AF62: Weekly | AG62: WK-47 | AH62: B | AI62: FALSE | BA62: =$S$3 -> North_Service | BB62: =IFERROR(VLOOKUP(NSM[[#This Row],[Department]], Lists!$L$4:$M$7, 2, FALSE), "")
E63: =$S$3 -> North_Service | F63: =IFERROR(VLOOKUP(NSR[[#This Row],[Department]], Lists!$L$4:$M$7, 2, FALSE), "") -> Ghamdi, Anas K | G63: SSSV | H63: 2025 | I63: December | J63: {=IFERROR( LOOKUP( 2,1/( ('Total Annual Points'!$B$5:$B$1000=E63)* ('Total Annual Points'!$C$5:$C$1000=G63)* ('Total Annual Points'!$D$5:$D$1000=H63)* (MATCH('Total Annual Points'!$E$5:$E$1000,{"January","February","March","April","May","June","July","August","September","October","November","December"},0) <=MATCH(I63,{"January","February","March","April","May","June","July","August","September","October","November","December"},0)) ), 'Total Annual Points'!$F$5:$F$1000 ), "")} | M63: =North_Service!$K63-North_Service!$L63 -> 0 | AC63: =$S$3 -> North_Service | AD63: =IFERROR(VLOOKUP(NSW[[#This Row],[Department]], Lists!$L$4:$M$7, 2, FALSE), "") -> Ghamdi, Anas K | AE63: Chemical Inventory | AF63: Weekly | AG63: WK-48 | AH63: C | AI63: FALSE | BA63: =$S$3 -> North_Service | BB63: =IFERROR(VLOOKUP(NSM[[#This Row],[Department]], Lists!$L$4:$M$7, 2, FALSE), "")
E64: =$S$3 -> North_Service | F64: =IFERROR(VLOOKUP(NSR[[#This Row],[Department]], Lists!$L$4:$M$7, 2, FALSE), "") -> Ghamdi, Anas K | G64: SSV | H64: 2025 | I64: January | J64: {=IFERROR( LOOKUP( 2,1/( ('Total Annual Points'!$B$5:$B$1000=E64)* ('Total Annual Points'!$C$5:$C$1000=G64)* ('Total Annual Points'!$D$5:$D$1000=H64)* (MATCH('Total Annual Points'!$E$5:$E$1000,{"January","February","March","April","May","June","July","August","September","October","November","December"},0) <=MATCH(I64,{"January","February","March","April","May","June","July","August","September","October","November","December"},0)) ), 'Total Annual Points'!$F$5:$F$1000 ), "")} | M64: =North_Service!$K64-North_Service!$L64 -> 0 | AC64: =$S$3 -> North_Service | AD64: =IFERROR(VLOOKUP(NSW[[#This Row],[Department]], Lists!$L$4:$M$7, 2, FALSE), "") -> Ghamdi, Anas K | AE64: Chemical Inventory | AF64: Weekly | AG64: WK-49 | AH64: A | AI64: FALSE
E65: =$S$3 -> North_Service | F65: =IFERROR(VLOOKUP(NSR[[#This Row],[Department]], Lists!$L$4:$M$7, 2, FALSE), "") -> Ghamdi, Anas K | G65: SSV | H65: 2025 | I65: February | J65: {=IFERROR( LOOKUP( 2,1/( ('Total Annual Points'!$B$5:$B$1000=E65)* ('Total Annual Points'!$C$5:$C$1000=G65)* ('Total Annual Points'!$D$5:$D$1000=H65)* (MATCH('Total Annual Points'!$E$5:$E$1000,{"January","February","March","April","May","June","July","August","September","October","November","December"},0) <=MATCH(I65,{"January","February","March","April","May","June","July","August","September","October","November","December"},0)) ), 'Total Annual Points'!$F$5:$F$1000 ), "")} | M65: =North_Service!$K65-North_Service!$L65 -> 0 | AC65: =$S$3 -> North_Service | AD65: =IFERROR(VLOOKUP(NSW[[#This Row],[Department]], Lists!$L$4:$M$7, 2, FALSE), "") -> Ghamdi, Anas K | AE65: Chemical Inventory | AF65: Weekly | AG65: WK-50 | AH65: B | AI65: FALSE
E66: =$S$3 -> North_Service | F66: =IFERROR(VLOOKUP(NSR[[#This Row],[Department]], Lists!$L$4:$M$7, 2, FALSE), "") -> Ghamdi, Anas K | G66: SSV | H66: 2025 | I66: March | J66: {=IFERROR( LOOKUP( 2,1/( ('Total Annual Points'!$B$5:$B$1000=E66)* ('Total Annual Points'!$C$5:$C$1000=G66)* ('Total Annual Points'!$D$5:$D$1000=H66)* (MATCH('Total Annual Points'!$E$5:$E$1000,{"January","February","March","April","May","June","July","August","September","October","November","December"},0) <=MATCH(I66,{"January","February","March","April","May","June","July","August","September","October","November","December"},0)) ), 'Total Annual Points'!$F$5:$F$1000 ), "")} | M66: =North_Service!$K66-North_Service!$L66 -> 0 | AC66: =$S$3 -> North_Service | AD66: =IFERROR(VLOOKUP(NSW[[#This Row],[Department]], Lists!$L$4:$M$7, 2, FALSE), "") -> Ghamdi, Anas K | AE66: Chemical Inventory | AF66: Weekly | AG66: WK-51 | AH66: C | AI66: FALSE
E67: =$S$3 -> North_Service | F67: =IFERROR(VLOOKUP(NSR[[#This Row],[Department]], Lists!$L$4:$M$7, 2, FALSE), "") -> Ghamdi, Anas K | G67: SSV | H67: 2025 | I67: April | J67: {=IFERROR( LOOKUP( 2,1/( ('Total Annual Points'!$B$5:$B$1000=E67)* ('Total Annual Points'!$C$5:$C$1000=G67)* ('Total Annual Points'!$D$5:$D$1000=H67)* (MATCH('Total Annual Points'!$E$5:$E$1000,{"January","February","March","April","May","June","July","August","September","October","November","December"},0) <=MATCH(I67,{"January","February","March","April","May","June","July","August","September","October","November","December"},0)) ), 'Total Annual Points'!$F$5:$F$1000 ), "")} | M67: =North_Service!$K67-North_Service!$L67 -> 0 | AC67: =$S$3 -> North_Service | AD67: =IFERROR(VLOOKUP(NSW[[#This Row],[Department]], Lists!$L$4:$M$7, 2, FALSE), "") -> Ghamdi, Anas K | AE67: Chemical Inventory | AF67: Weekly | AG67: WK-52 | AH67: A | AI67: FALSE
E68: =$S$3 -> North_Service | F68: =IFERROR(VLOOKUP(NSR[[#This Row],[Department]], Lists!$L$4:$M$7, 2, FALSE), "") -> Ghamdi, Anas K | G68: SSV | H68: 2025 | I68: May | J68: {=IFERROR( LOOKUP( 2,1/( ('Total Annual Points'!$B$5:$B$1000=E68)* ('Total Annual Points'!$C$5:$C$1000=G68)* ('Total Annual Points'!$D$5:$D$1000=H68)* (MATCH('Total Annual Points'!$E$5:$E$1000,{"January","February","March","April","May","June","July","August","September","October","November","December"},0) <=MATCH(I68,{"January","February","March","April","May","June","July","August","September","October","November","December"},0)) ), 'Total Annual Points'!$F$5:$F$1000 ), "")} | M68: =North_Service!$K68-North_Service!$L68 -> 0 | AC68: =$S$3 -> North_Service | AD68: =IFERROR(VLOOKUP(NSW[[#This Row],[Department]], Lists!$L$4:$M$7, 2, FALSE), "") -> Ghamdi, Anas K | AE68: Safety Communication Meeting | AF68: Weekly | AG68: WK-1 | AH68: A | AI68: FALSE
E69: =$S$3 -> North_Service | F69: =IFERROR(VLOOKUP(NSR[[#This Row],[Department]], Lists!$L$4:$M$7, 2, FALSE), "") -> Ghamdi, Anas K | G69: SSV | H69: 2025 | I69: June | J69: {=IFERROR( LOOKUP( 2,1/( ('Total Annual Points'!$B$5:$B$1000=E69)* ('Total Annual Points'!$C$5:$C$1000=G69)* ('Total Annual Points'!$D$5:$D$1000=H69)* (MATCH('Total Annual Points'!$E$5:$E$1000,{"January","February","March","April","May","June","July","August","September","October","November","December"},0) <=MATCH(I69,{"January","February","March","April","May","June","July","August","September","October","November","December"},0)) ), 'Total Annual Points'!$F$5:$F$1000 ), "")} | M69: =North_Service!$K69-North_Service!$L69 -> 0 | AC69: =$S$3 -> North_Service | AD69: =IFERROR(VLOOKUP(NSW[[#This Row],[Department]], Lists!$L$4:$M$7, 2, FALSE), "") -> Ghamdi, Anas K | AE69: Safety Communication Meeting | AF69: Weekly | AG69: WK-2 | AH69: B | AI69: FALSE
E70: =$S$3 -> North_Service | F70: =IFERROR(VLOOKUP(NSR[[#This Row],[Department]], Lists!$L$4:$M$7, 2, FALSE), "") -> Ghamdi, Anas K | G70: SSV | H70: 2025 | I70: July | J70: {=IFERROR( LOOKUP( 2,1/( ('Total Annual Points'!$B$5:$B$1000=E70)* ('Total Annual Points'!$C$5:$C$1000=G70)* ('Total Annual Points'!$D$5:$D$1000=H70)* (MATCH('Total Annual Points'!$E$5:$E$1000,{"January","February","March","April","May","June","July","August","September","October","November","December"},0) <=MATCH(I70,{"January","February","March","April","May","June","July","August","September","October","November","December"},0)) ), 'Total Annual Points'!$F$5:$F$1000 ), "")} | M70: =North_Service!$K70-North_Service!$L70 -> 0 | AC70: =$S$3 -> North_Service | AD70: =IFERROR(VLOOKUP(NSW[[#This Row],[Department]], Lists!$L$4:$M$7, 2, FALSE), "") -> Ghamdi, Anas K | AE70: Safety Communication Meeting | AF70: Weekly | AG70: WK-3 | AH70: C | AI70: FALSE
E71: =$S$3 -> North_Service | F71: =IFERROR(VLOOKUP(NSR[[#This Row],[Department]], Lists!$L$4:$M$7, 2, FALSE), "") -> Ghamdi, Anas K | G71: SSV | H71: 2025 | I71: August | J71: {=IFERROR( LOOKUP( 2,1/( ('Total Annual Points'!$B$5:$B$1000=E71)* ('Total Annual Points'!$C$5:$C$1000=G71)* ('Total Annual Points'!$D$5:$D$1000=H71)* (MATCH('Total Annual Points'!$E$5:$E$1000,{"January","February","March","April","May","June","July","August","September","October","November","December"},0) <=MATCH(I71,{"January","February","March","April","May","June","July","August","September","October","November","December"},0)) ), 'Total Annual Points'!$F$5:$F$1000 ), "")} | M71: =North_Service!$K71-North_Service!$L71 -> 0 | AC71: =$S$3 -> North_Service | AD71: =IFERROR(VLOOKUP(NSW[[#This Row],[Department]], Lists!$L$4:$M$7, 2, FALSE), "") -> Ghamdi, Anas K | AE71: Safety Communication Meeting | AF71: Weekly | AG71: WK-4 | AH71: A | AI71: FALSE
E72: =$S$3 -> North_Service | F72: =IFERROR(VLOOKUP(NSR[[#This Row],[Department]], Lists!$L$4:$M$7, 2, FALSE), "") -> Ghamdi, Anas K | G72: SSV | H72: 2025 | I72: September | J72: {=IFERROR( LOOKUP( 2,1/( ('Total Annual Points'!$B$5:$B$1000=E72)* ('Total Annual Points'!$C$5:$C$1000=G72)* ('Total Annual Points'!$D$5:$D$1000=H72)* (MATCH('Total Annual Points'!$E$5:$E$1000,{"January","February","March","April","May","June","July","August","September","October","November","December"},0) <=MATCH(I72,{"January","February","March","April","May","June","July","August","September","October","November","December"},0)) ), 'Total Annual Points'!$F$5:$F$1000 ), "")} | M72: =North_Service!$K72-North_Service!$L72 -> 0 | AC72: =$S$3 -> North_Service | AD72: =IFERROR(VLOOKUP(NSW[[#This Row],[Department]], Lists!$L$4:$M$7, 2, FALSE), "") -> Ghamdi, Anas K | AE72: Safety Communication Meeting | AF72: Weekly | AG72: WK-5 | AH72: B | AI72: FALSE
E73: =$S$3 -> North_Service | F73: =IFERROR(VLOOKUP(NSR[[#This Row],[Department]], Lists!$L$4:$M$7, 2, FALSE), "") -> Ghamdi, Anas K | G73: SSV | H73: 2025 | I73: October | J73: {=IFERROR( LOOKUP( 2,1/( ('Total Annual Points'!$B$5:$B$1000=E73)* ('Total Annual Points'!$C$5:$C$1000=G73)* ('Total Annual Points'!$D$5:$D$1000=H73)* (MATCH('Total Annual Points'!$E$5:$E$1000,{"January","February","March","April","May","June","July","August","September","October","November","December"},0) <=MATCH(I73,{"January","February","March","April","May","June","July","August","September","October","November","December"},0)) ), 'Total Annual Points'!$F$5:$F$1000 ), "")} | M73: =North_Service!$K73-North_Service!$L73 -> 0 | AC73: =$S$3 -> North_Service | AD73: =IFERROR(VLOOKUP(NSW[[#This Row],[Department]], Lists!$L$4:$M$7, 2, FALSE), "") -> Ghamdi, Anas K | AE73: Safety Communication Meeting | AF73: Weekly | AG73: WK-6 | AH73: C | AI73: FALSE
E74: =$S$3 -> North_Service | F74: =IFERROR(VLOOKUP(NSR[[#This Row],[Department]], Lists!$L$4:$M$7, 2, FALSE), "") -> Ghamdi, Anas K | G74: SSV | H74: 2025 | I74: November | J74: {=IFERROR( LOOKUP( 2,1/( ('Total Annual Points'!$B$5:$B$1000=E74)* ('Total Annual Points'!$C$5:$C$1000=G74)* ('Total Annual Points'!$D$5:$D$1000=H74)* (MATCH('Total Annual Points'!$E$5:$E$1000,{"January","February","March","April","May","June","July","August","September","October","November","December"},0) <=MATCH(I74,{"January","February","March","April","May","June","July","August","September","October","November","December"},0)) ), 'Total Annual Points'!$F$5:$F$1000 ), "")} | M74: =North_Service!$K74-North_Service!$L74 -> 0 | AC74: =$S$3 -> North_Service | AD74: =IFERROR(VLOOKUP(NSW[[#This Row],[Department]], Lists!$L$4:$M$7, 2, FALSE), "") -> Ghamdi, Anas K | AE74: Safety Communication Meeting | AF74: Weekly | AG74: WK-7 | AH74: A | AI74: FALSE
E75: =$S$3 -> North_Service | F75: =IFERROR(VLOOKUP(NSR[[#This Row],[Department]], Lists!$L$4:$M$7, 2, FALSE), "") -> Ghamdi, Anas K | G75: SSV | H75: 2025 | I75: December | J75: {=IFERROR( LOOKUP( 2,1/( ('Total Annual Points'!$B$5:$B$1000=E75)* ('Total Annual Points'!$C$5:$C$1000=G75)* ('Total Annual Points'!$D$5:$D$1000=H75)* (MATCH('Total Annual Points'!$E$5:$E$1000,{"January","February","March","April","May","June","July","August","September","October","November","December"},0) <=MATCH(I75,{"January","February","March","April","May","June","July","August","September","October","November","December"},0)) ), 'Total Annual Points'!$F$5:$F$1000 ), "")} | M75: =North_Service!$K75-North_Service!$L75 -> 0 | AC75: =$S$3 -> North_Service | AD75: =IFERROR(VLOOKUP(NSW[[#This Row],[Department]], Lists!$L$4:$M$7, 2, FALSE), "") -> Ghamdi, Anas K | AE75: Safety Communication Meeting | AF75: Weekly | AG75: WK-8 | AH75: B | AI75: FALSE
... E99: =$S$3 -> North_Service | F99: =IFERROR(VLOOKUP(NSR[[#This Row],[Department]], Lists!$L$4:$M$7, 2, FALSE), "") -> Ghamdi, Anas K | G99: WHIT/WHGR | H99: 2025 | I99: December | J99: {=IFERROR( LOOKUP( 2,1/( ('Total Annual Points'!$B$5:$B$1000=E99)* ('Total Annual Points'!$C$5:$C$1000=G99)* ('Total Annual Points'!$D$5:$D$1000=H99)* (MATCH('Total Annual Points'!$E$5:$E$1000,{"January","February","March","April","May","June","July","August","September","October","November","December"},0) <=MATCH(I99,{"January","February","March","April","May","June","July","August","September","October","November","December"},0)) ), 'Total Annual Points'!$F$5:$F$1000 ), "")} | M99: =North_Service!$K99-North_Service!$L99 -> 0 | AC99: =$S$3 -> North_Service | AD99: =IFERROR(VLOOKUP(NSW[[#This Row],[Department]], Lists!$L$4:$M$7, 2, FALSE), "") -> Ghamdi, Anas K | AE99: Safety Communication Meeting | AF99: Weekly | AG99: WK-32 | AH99: B | AI99: FALSE
E100: =$S$3 -> North_Service | F100: =IFERROR(VLOOKUP(NSR[[#This Row],[Department]], Lists!$L$4:$M$7, 2, FALSE), "") | J100: {=IFERROR( LOOKUP( 2,1/( ('Total Annual Points'!$B$5:$B$1000=E100)* ('Total Annual Points'!$C$5:$C$1000=G100)* ('Total Annual Points'!$D$5:$D$1000=H100)* (MATCH('Total Annual Points'!$E$5:$E$1000,{"January","February","March","April","May","June","July","August","September","October","November","December"},0) <=MATCH(I100,{"January","February","March","April","May","June","July","August","September","October","November","December"},0)) ), 'Total Annual Points'!$F$5:$F$1000 ), "")} | AC100: =$S$3 -> North_Service | AD100: =IFERROR(VLOOKUP(NSW[[#This Row],[Department]], Lists!$L$4:$M$7, 2, FALSE), "") -> Ghamdi, Anas K | AE100: Safety Communication Meeting | AF100: Weekly | AG100: WK-33 | AH100: C | AI100: FALSE
E101: =$S$3 -> North_Service | F101: =IFERROR(VLOOKUP(NSR[[#This Row],[Department]], Lists!$L$4:$M$7, 2, FALSE), "") | J101: {=IFERROR( LOOKUP( 2,1/( ('Total Annual Points'!$B$5:$B$1000=E101)* ('Total Annual Points'!$C$5:$C$1000=G101)* ('Total Annual Points'!$D$5:$D$1000=H101)* (MATCH('Total Annual Points'!$E$5:$E$1000,{"January","February","March","April","May","June","July","August","September","October","November","December"},0) <=MATCH(I101,{"January","February","March","April","May","June","July","August","September","October","November","December"},0)) ), 'Total Annual Points'!$F$5:$F$1000 ), "")} | AC101: =$S$3 -> North_Service | AD101: =IFERROR(VLOOKUP(NSW[[#This Row],[Department]], Lists!$L$4:$M$7, 2, FALSE), "") -> Ghamdi, Anas K | AE101: Safety Communication Meeting | AF101: Weekly | AG101: WK-34 | AH101: A | AI101: FALSE
E102: =$S$3 -> North_Service | F102: =IFERROR(VLOOKUP(NSR[[#This Row],[Department]], Lists!$L$4:$M$7, 2, FALSE), "") | J102: {=IFERROR( LOOKUP( 2,1/( ('Total Annual Points'!$B$5:$B$1000=E102)* ('Total Annual Points'!$C$5:$C$1000=G102)* ('Total Annual Points'!$D$5:$D$1000=H102)* (MATCH('Total Annual Points'!$E$5:$E$1000,{"January","February","March","April","May","June","July","August","September","October","November","December"},0) <=MATCH(I102,{"January","February","March","April","May","June","July","August","September","October","November","December"},0)) ), 'Total Annual Points'!$F$5:$F$1000 ), "")} | AC102: =$S$3 -> North_Service | AD102: =IFERROR(VLOOKUP(NSW[[#This Row],[Department]], Lists!$L$4:$M$7, 2, FALSE), "") -> Ghamdi, Anas K | AE102: Safety Communication Meeting | AF102: Weekly | AG102: WK-35 | AH102: B | AI102: FALSE
E103: =$S$3 -> North_Service | F103: =IFERROR(VLOOKUP(NSR[[#This Row],[Department]], Lists!$L$4:$M$7, 2, FALSE), "") | J103: {=IFERROR( LOOKUP( 2,1/( ('Total Annual Points'!$B$5:$B$1000=E103)* ('Total Annual Points'!$C$5:$C$1000=G103)* ('Total Annual Points'!$D$5:$D$1000=H103)* (MATCH('Total Annual Points'!$E$5:$E$1000,{"January","February","March","April","May","June","July","August","September","October","November","December"},0) <=MATCH(I103,{"January","February","March","April","May","June","July","August","September","October","November","December"},0)) ), 'Total Annual Points'!$F$5:$F$1000 ), "")} | AC103: =$S$3 -> North_Service | AD103: =IFERROR(VLOOKUP(NSW[[#This Row],[Department]], Lists!$L$4:$M$7, 2, FALSE), "") -> Ghamdi, Anas K | AE103: Safety Communication Meeting | AF103: Weekly | AG103: WK-36 | AH103: C | AI103: FALSE
E104: =$S$3 -> North_Service | F104: =IFERROR(VLOOKUP(NSR[[#This Row],[Department]], Lists!$L$4:$M$7, 2, FALSE), "") | J104: {=IFERROR( LOOKUP( 2,1/( ('Total Annual Points'!$B$5:$B$1000=E104)* ('Total Annual Points'!$C$5:$C$1000=G104)* ('Total Annual Points'!$D$5:$D$1000=H104)* (MATCH('Total Annual Points'!$E$5:$E$1000,{"January","February","March","April","May","June","July","August","September","October","November","December"},0) <=MATCH(I104,{"January","February","March","April","May","June","July","August","September","October","November","December"},0)) ), 'Total Annual Points'!$F$5:$F$1000 ), "")} | AC104: =$S$3 -> North_Service | AD104: =IFERROR(VLOOKUP(NSW[[#This Row],[Department]], Lists!$L$4:$M$7, 2, FALSE), "") -> Ghamdi, Anas K | AE104: Safety Communication Meeting | AF104: Weekly | AG104: WK-37 | AH104: A | AI104: FALSE
AC105: =$S$3 -> North_Service | AD105: =IFERROR(VLOOKUP(NSW[[#This Row],[Department]], Lists!$L$4:$M$7, 2, FALSE), "") -> Ghamdi, Anas K | AE105: Safety Communication Meeting | AF105: Weekly | AG105: WK-38 | AH105: B | AI105: FALSE
AC106: =$S$3 -> North_Service | AD106: =IFERROR(VLOOKUP(NSW[[#This Row],[Department]], Lists!$L$4:$M$7, 2, FALSE), "") -> Ghamdi, Anas K | AE106: Safety Communication Meeting | AF106: Weekly | AG106: WK-39 | AH106: C | AI106: FALSE
AC107: =$S$3 -> North_Service | AD107: =IFERROR(VLOOKUP(NSW[[#This Row],[Department]], Lists!$L$4:$M$7, 2, FALSE), "") -> Ghamdi, Anas K | AE107: Safety Communication Meeting | AF107: Weekly | AG107: WK-40 | AH107: A | AI107: FALSE
AC108: =$S$3 -> North_Service | AD108: =IFERROR(VLOOKUP(NSW[[#This Row],[Department]], Lists!$L$4:$M$7, 2, FALSE), "") -> Ghamdi, Anas K | AE108: Safety Communication Meeting | AF108: Weekly | AG108: WK-41 | AH108: B | AI108: FALSE
AC109: =$S$3 -> North_Service | AD109: =IFERROR(VLOOKUP(NSW[[#This Row],[Department]], Lists!$L$4:$M$7, 2, FALSE), "") -> Ghamdi, Anas K | AE109: Safety Communication Meeting | AF109: Weekly | AG109: WK-42 | AH109: C | AI109: FALSE
AC110: =$S$3 -> North_Service | AD110: =IFERROR(VLOOKUP(NSW[[#This Row],[Department]], Lists!$L$4:$M$7, 2, FALSE), "") -> Ghamdi, Anas K | AE110: Safety Communication Meeting | AF110: Weekly | AG110: WK-43 | AH110: A | AI110: FALSE
AC111: =$S$3 -> North_Service | AD111: =IFERROR(VLOOKUP(NSW[[#This Row],[Department]], Lists!$L$4:$M$7, 2, FALSE), "") -> Ghamdi, Anas K | AE111: Safety Communication Meeting | AF111: Weekly | AG111: WK-44 | AH111: B | AI111: FALSE
AC112: =$S$3 -> North_Service | AD112: =IFERROR(VLOOKUP(NSW[[#This Row],[Department]], Lists!$L$4:$M$7, 2, FALSE), "") -> Ghamdi, Anas K | AE112: Safety Communication Meeting | AF112: Weekly | AG112: WK-45 | AH112: C | AI112: FALSE
AC113: =$S$3 -> North_Service | AD113: =IFERROR(VLOOKUP(NSW[[#This Row],[Department]], Lists!$L$4:$M$7, 2, FALSE), "") -> Ghamdi, Anas K | AE113: Safety Communication Meeting | AF113: Weekly | AG113: WK-46 | AH113: A | AI113: FALSE
AC114: =$S$3 -> North_Service | AD114: =IFERROR(VLOOKUP(NSW[[#This Row],[Department]], Lists!$L$4:$M$7, 2, FALSE), "") -> Ghamdi, Anas K | AE114: Safety Communication Meeting | AF114: Weekly | AG114: WK-47 | AH114: B | AI114: FALSE
AC115: =$S$3 -> North_Service | AD115: =IFERROR(VLOOKUP(NSW[[#This Row],[Department]], Lists!$L$4:$M$7, 2, FALSE), "") -> Ghamdi, Anas K | AE115: Safety Communication Meeting | AF115: Weekly | AG115: WK-48 | AH115: C | AI115: FALSE
AC116: =$S$3 -> North_Service | AD116: =IFERROR(VLOOKUP(NSW[[#This Row],[Department]], Lists!$L$4:$M$7, 2, FALSE), "") -> Ghamdi, Anas K | AE116: Safety Communication Meeting | AF116: Weekly | AG116: WK-49 | AH116: A | AI116: FALSE
... AC223: =$S$3 -> North_Service | AD223: =IFERROR(VLOOKUP(NSW[[#This Row],[Department]], Lists!$L$4:$M$7, 2, FALSE), "") -> Ghamdi, Anas K | AE223: SCABA Practice | AF223: Weekly | AG223: WK-52 | AH223: A | AI223: FALSE
AC224: =$S$3 -> North_Service | AD224: =IFERROR(VLOOKUP(NSW[[#This Row],[Department]], Lists!$L$4:$M$7, 2, FALSE), "")

Sheet South_Operation
S2: =IFERROR(VLOOKUP(E16, Lists!$L$4:$M$7, 2, FALSE), "") -> Fuazan, Fawzi A
S3: South_Operation
E15: Department | F15: Manager | G15: Requirement | H15: Year | I15: Month | J15: Total Annual Points | K15: Monthly Target | L15: Completed | M15: Pending | N15: Notes | AC15: Department | AD15: Manager | AE15: Task | AF15: Frequancy | AG15: Period | AH15: Group | AI15: Completed (✔/✖) | AJ15: Notes | BA15: Department | BB15: Manager | BC15: Task | BD15: Frequancy | BE15: Period | BF15: Group | BG15: Completed (✔/✖) | BH15: Notes | BW15: Department | BX15: Manager | BY15: Task | BZ15: Frequancy | CA15: Period | CB15: Group | CC15: Completed (✔/✖) | CD15: Notes
E16: =$S$3 -> South_Operation | F16: =IFERROR(VLOOKUP(SOR[[#This Row],[Department]], Lists!$L$4:$M$7, 2, FALSE), "") -> Fuazan, Fawzi A | G16: ICV Stroking | H16: 2025 | I16: January | J16: {=IFERROR( LOOKUP( 2,1/( ('Total Annual Points'!$B$5:$B$1000=E16)* ('Total Annual Points'!$C$5:$C$1000=G16)* ('Total Annual Points'!$D$5:$D$1000=H16)* (MATCH('Total Annual Points'!$E$5:$E$1000,{"January","February","March","April","May","June","July","August","September","October","November","December"},0) <=MATCH(I16,{"January","February","March","April","May","June","July","August","September","October","November","December"},0)) ), 'Total Annual Points'!$F$5:$F$1000 ), "")} | M16: =South_Operation!$K16-South_Operation!$L16 -> 0 | AC16: =$S$3 -> South_Operation | AD16: =IFERROR(VLOOKUP(SOW[[#This Row],[Department]], Lists!$L$4:$M$7, 2, FALSE), "") -> Fuazan, Fawzi A | AE16: Chemical Inventory | AF16: Weekly | AG16: WK-1 | AH16: A | AI16: FALSE | BA16: =$S$3 -> South_Operation | BB16: =IFERROR(VLOOKUP(SOM[[#This Row],[Department]], Lists!$L$4:$M$7, 2, FALSE), "") -> Fuazan, Fawzi A | BC16: CAR SEAL IMPLEMENTION | BD16: Monthly | BE16: January | BF16: A | BG16: FALSE | BW16: =$S$3 -> South_Operation | BX16: =IFERROR(VLOOKUP(SOQ[[#This Row],[Department]], Lists!$L$4:$M$7, 2, FALSE), "") -> Fuazan, Fawzi A | BY16: EMERGENCY DRILL | BZ16: Quarterly | CA16: 1st Quarter | CB16: A | CC16: FALSE
E17: =$S$3 -> South_Operation | F17: =IFERROR(VLOOKUP(SOR[[#This Row],[Department]], Lists!$L$4:$M$7, 2, FALSE), "") -> Fuazan, Fawzi A | G17: ICV Stroking | H17: 2025 | I17: February | J17: {=IFERROR( LOOKUP( 2,1/( ('Total Annual Points'!$B$5:$B$1000=E17)* ('Total Annual Points'!$C$5:$C$1000=G17)* ('Total Annual Points'!$D$5:$D$1000=H17)* (MATCH('Total Annual Points'!$E$5:$E$1000,{"January","February","March","April","May","June","July","August","September","October","November","December"},0) <=MATCH(I17,{"January","February","March","April","May","June","July","August","September","October","November","December"},0)) ), 'Total Annual Points'!$F$5:$F$1000 ), "")} | M17: =South_Operation!$K17-South_Operation!$L17 -> 0 | AC17: =$S$3 -> South_Operation | AD17: =IFERROR(VLOOKUP(SOW[[#This Row],[Department]], Lists!$L$4:$M$7, 2, FALSE), "") -> Fuazan, Fawzi A | AE17: Chemical Inventory | AF17: Weekly | AG17: WK-2 | AH17: B | AI17: FALSE | BA17: =$S$3 -> South_Operation | BB17: =IFERROR(VLOOKUP(SOM[[#This Row],[Department]], Lists!$L$4:$M$7, 2, FALSE), "") -> Fuazan, Fawzi A | BC17: CAR SEAL IMPLEMENTION | BD17: Monthly | BE17: February | BF17: B | BG17: FALSE | BW17: =$S$3 -> South_Operation | BX17: =IFERROR(VLOOKUP(SOQ[[#This Row],[Department]], Lists!$L$4:$M$7, 2, FALSE), "") -> Fuazan, Fawzi A | BY17: EMERGENCY DRILL | BZ17: Quarterly | CA17: 2nd Quarter | CB17: B | CC17: FALSE
E18: =$S$3 -> South_Operation | F18: =IFERROR(VLOOKUP(SOR[[#This Row],[Department]], Lists!$L$4:$M$7, 2, FALSE), "") -> Fuazan, Fawzi A | G18: ICV Stroking | H18: 2025 | I18: March | J18: {=IFERROR( LOOKUP( 2,1/( ('Total Annual Points'!$B$5:$B$1000=E18)* ('Total Annual Points'!$C$5:$C$1000=G18)* ('Total Annual Points'!$D$5:$D$1000=H18)* (MATCH('Total Annual Points'!$E$5:$E$1000,{"January","February","March","April","May","June","July","August","September","October","November","December"},0) <=MATCH(I18,{"January","February","March","April","May","June","July","August","September","October","November","December"},0)) ), 'Total Annual Points'!$F$5:$F$1000 ), "")} | M18: =South_Operation!$K18-South_Operation!$L18 -> 0 | AC18: =$S$3 -> South_Operation | AD18: =IFERROR(VLOOKUP(SOW[[#This Row],[Department]], Lists!$L$4:$M$7, 2, FALSE), "") -> Fuazan, Fawzi A | AE18: Chemical Inventory | AF18: Weekly | AG18: WK-3 | AH18: C | AI18: FALSE | BA18: =$S$3 -> South_Operation | BB18: =IFERROR(VLOOKUP(SOM[[#This Row],[Department]], Lists!$L$4:$M$7, 2, FALSE), "") -> Fuazan, Fawzi A | BC18: CAR SEAL IMPLEMENTION | BD18: Monthly | BE18: March | BF18: C | BG18: FALSE | BW18: =$S$3 -> South_Operation | BX18: =IFERROR(VLOOKUP(SOQ[[#This Row],[Department]], Lists!$L$4:$M$7, 2, FALSE), "") -> Fuazan, Fawzi A | BY18: EMERGENCY DRILL | BZ18: Quarterly | CA18: 3rd Quarter | CB18: C | CC18: FALSE
E19: =$S$3 -> South_Operation | F19: =IFERROR(VLOOKUP(SOR[[#This Row],[Department]], Lists!$L$4:$M$7, 2, FALSE), "") -> Fuazan, Fawzi A | G19: ICV Stroking | H19: 2025 | I19: April | J19: {=IFERROR( LOOKUP( 2,1/( ('Total Annual Points'!$B$5:$B$1000=E19)* ('Total Annual Points'!$C$5:$C$1000=G19)* ('Total Annual Points'!$D$5:$D$1000=H19)* (MATCH('Total Annual Points'!$E$5:$E$1000,{"January","February","March","April","May","June","July","August","September","October","November","December"},0) <=MATCH(I19,{"January","February","March","April","May","June","July","August","September","October","November","December"},0)) ), 'Total Annual Points'!$F$5:$F$1000 ), "")} | M19: =South_Operation!$K19-South_Operation!$L19 -> 0 | AC19: =$S$3 -> South_Operation | AD19: =IFERROR(VLOOKUP(SOW[[#This Row],[Department]], Lists!$L$4:$M$7, 2, FALSE), "") -> Fuazan, Fawzi A | AE19: Chemical Inventory | AF19: Weekly | AG19: WK-4 | AH19: A | AI19: FALSE | BA19: =$S$3 -> South_Operation | BB19: =IFERROR(VLOOKUP(SOM[[#This Row],[Department]], Lists!$L$4:$M$7, 2, FALSE), "") -> Fuazan, Fawzi A | BC19: CAR SEAL IMPLEMENTION | BD19: Monthly | BE19: April | BF19: A | BG19: FALSE | BW19: =$S$3 -> South_Operation | BX19: =IFERROR(VLOOKUP(SOQ[[#This Row],[Department]], Lists!$L$4:$M$7, 2, FALSE), "") -> Fuazan, Fawzi A | BY19: EMERGENCY DRILL | BZ19: Quarterly | CA19: 4th Quarter | CB19: A | CC19: FALSE
E20: =$S$3 -> South_Operation | F20: =IFERROR(VLOOKUP(SOR[[#This Row],[Department]], Lists!$L$4:$M$7, 2, FALSE), "") -> Fuazan, Fawzi A | G20: ICV Stroking | H20: 2025 | I20: May | J20: {=IFERROR( LOOKUP( 2,1/( ('Total Annual Points'!$B$5:$B$1000=E20)* ('Total Annual Points'!$C$5:$C$1000=G20)* ('Total Annual Points'!$D$5:$D$1000=H20)* (MATCH('Total Annual Points'!$E$5:$E$1000,{"January","February","March","April","May","June","July","August","September","October","November","December"},0) <=MATCH(I20,{"January","February","March","April","May","June","July","August","September","October","November","December"},0)) ), 'Total Annual Points'!$F$5:$F$1000 ), "")} | M20: =South_Operation!$K20-South_Operation!$L20 -> 0 | AC20: =$S$3 -> South_Operation | AD20: =IFERROR(VLOOKUP(SOW[[#This Row],[Department]], Lists!$L$4:$M$7, 2, FALSE), "") -> Fuazan, Fawzi A | AE20: Chemical Inventory | AF20: Weekly | AG20: WK-5 | AH20: B | AI20: FALSE | BA20: =$S$3 -> South_Operation | BB20: =IFERROR(VLOOKUP(SOM[[#This Row],[Department]], Lists!$L$4:$M$7, 2, FALSE), "") -> Fuazan, Fawzi A | BC20: CAR SEAL IMPLEMENTION | BD20: Monthly | BE20: May | BF20: B | BG20: FALSE | BW20: =$S$3 -> South_Operation | BX20: =$S$2 -> Fuazan, Fawzi A
E21: =$S$3 -> South_Operation | F21: =IFERROR(VLOOKUP(SOR[[#This Row],[Department]], Lists!$L$4:$M$7, 2, FALSE), "") -> Fuazan, Fawzi A | G21: ICV Stroking | H21: 2025 | I21: June | J21: {=IFERROR( LOOKUP( 2,1/( ('Total Annual Points'!$B$5:$B$1000=E21)* ('Total Annual Points'!$C$5:$C$1000=G21)* ('Total Annual Points'!$D$5:$D$1000=H21)* (MATCH('Total Annual Points'!$E$5:$E$1000,{"January","February","March","April","May","June","July","August","September","October","November","December"},0) <=MATCH(I21,{"January","February","March","April","May","June","July","August","September","October","November","December"},0)) ), 'Total Annual Points'!$F$5:$F$1000 ), "")} | M21: =South_Operation!$K21-South_Operation!$L21 -> 0 | AC21: =$S$3 -> South_Operation | AD21: =IFERROR(VLOOKUP(SOW[[#This Row],[Department]], Lists!$L$4:$M$7, 2, FALSE), "") -> Fuazan, Fawzi A | AE21: Chemical Inventory | AF21: Weekly | AG21: WK-6 | AH21: C | AI21: FALSE | BA21: =$S$3 -> South_Operation | BB21: =IFERROR(VLOOKUP(SOM[[#This Row],[Department]], Lists!$L$4:$M$7, 2, FALSE), "") -> Fuazan, Fawzi A | BC21: CAR SEAL IMPLEMENTION | BD21: Monthly | BE21: June | BF21: C | BG21: FALSE
E22: =$S$3 -> South_Operation | F22: =IFERROR(VLOOKUP(SOR[[#This Row],[Department]], Lists!$L$4:$M$7, 2, FALSE), "") -> Fuazan, Fawzi A | G22: ICV Stroking | H22: 2025 | I22: July | J22: {=IFERROR( LOOKUP( 2,1/( ('Total Annual Points'!$B$5:$B$1000=E22)* ('Total Annual Points'!$C$5:$C$1000=G22)* ('Total Annual Points'!$D$5:$D$1000=H22)* (MATCH('Total Annual Points'!$E$5:$E$1000,{"January","February","March","April","May","June","July","August","September","October","November","December"},0) <=MATCH(I22,{"January","February","March","April","May","June","July","August","September","October","November","December"},0)) ), 'Total Annual Points'!$F$5:$F$1000 ), "")} | M22: =South_Operation!$K22-South_Operation!$L22 -> 0 | AC22: =$S$3 -> South_Operation | AD22: =IFERROR(VLOOKUP(SOW[[#This Row],[Department]], Lists!$L$4:$M$7, 2, FALSE), "") -> Fuazan, Fawzi A | AE22: Chemical Inventory | AF22: Weekly | AG22: WK-7 | AH22: A | AI22: FALSE | BA22: =$S$3 -> South_Operation | BB22: =IFERROR(VLOOKUP(SOM[[#This Row],[Department]], Lists!$L$4:$M$7, 2, FALSE), "") -> Fuazan, Fawzi A | BC22: CAR SEAL IMPLEMENTION | BD22: Monthly | BE22: July | BF22: A | BG22: FALSE
E23: =$S$3 -> South_Operation | F23: =IFERROR(VLOOKUP(SOR[[#This Row],[Department]], Lists!$L$4:$M$7, 2, FALSE), "") -> Fuazan, Fawzi A | G23: ICV Stroking | H23: 2025 | I23: August | J23: {=IFERROR( LOOKUP( 2,1/( ('Total Annual Points'!$B$5:$B$1000=E23)* ('Total Annual Points'!$C$5:$C$1000=G23)* ('Total Annual Points'!$D$5:$D$1000=H23)* (MATCH('Total Annual Points'!$E$5:$E$1000,{"January","February","March","April","May","June","July","August","September","October","November","December"},0) <=MATCH(I23,{"January","February","March","April","May","June","July","August","September","October","November","December"},0)) ), 'Total Annual Points'!$F$5:$F$1000 ), "")} | M23: =South_Operation!$K23-South_Operation!$L23 -> 0 | AC23: =$S$3 -> South_Operation | AD23: =IFERROR(VLOOKUP(SOW[[#This Row],[Department]], Lists!$L$4:$M$7, 2, FALSE), "") -> Fuazan, Fawzi A | AE23: Chemical Inventory | AF23: Weekly | AG23: WK-8 | AH23: B | AI23: FALSE | BA23: =$S$3 -> South_Operation | BB23: =IFERROR(VLOOKUP(SOM[[#This Row],[Department]], Lists!$L$4:$M$7, 2, FALSE), "") -> Fuazan, Fawzi A | BC23: CAR SEAL IMPLEMENTION | BD23: Monthly | BE23: August | BF23: B | BG23: FALSE
E24: =$S$3 -> South_Operation | F24: =IFERROR(VLOOKUP(SOR[[#This Row],[Department]], Lists!$L$4:$M$7, 2, FALSE), "") -> Fuazan, Fawzi A | G24: ICV Stroking | H24: 2025 | I24: September | J24: {=IFERROR( LOOKUP( 2,1/( ('Total Annual Points'!$B$5:$B$1000=E24)* ('Total Annual Points'!$C$5:$C$1000=G24)* ('Total Annual Points'!$D$5:$D$1000=H24)* (MATCH('Total Annual Points'!$E$5:$E$1000,{"January","February","March","April","May","June","July","August","September","October","November","December"},0) <=MATCH(I24,{"January","February","March","April","May","June","July","August","September","October","November","December"},0)) ), 'Total Annual Points'!$F$5:$F$1000 ), "")} | M24: =South_Operation!$K24-South_Operation!$L24 -> 0 | AC24: =$S$3 -> South_Operation | AD24: =IFERROR(VLOOKUP(SOW[[#This Row],[Department]], Lists!$L$4:$M$7, 2, FALSE), "") -> Fuazan, Fawzi A | AE24: Chemical Inventory | AF24: Weekly | AG24: WK-9 | AH24: C | AI24: FALSE | BA24: =$S$3 -> South_Operation | BB24: =IFERROR(VLOOKUP(SOM[[#This Row],[Department]], Lists!$L$4:$M$7, 2, FALSE), "") -> Fuazan, Fawzi A | BC24: CAR SEAL IMPLEMENTION | BD24: Monthly | BE24: September | BF24: C | BG24: FALSE
E25: =$S$3 -> South_Operation | F25: =IFERROR(VLOOKUP(SOR[[#This Row],[Department]], Lists!$L$4:$M$7, 2, FALSE), "") -> Fuazan, Fawzi A | G25: ICV Stroking | H25: 2025 | I25: October | J25: {=IFERROR( LOOKUP( 2,1/( ('Total Annual Points'!$B$5:$B$1000=E25)* ('Total Annual Points'!$C$5:$C$1000=G25)* ('Total Annual Points'!$D$5:$D$1000=H25)* (MATCH('Total Annual Points'!$E$5:$E$1000,{"January","February","March","April","May","June","July","August","September","October","November","December"},0) <=MATCH(I25,{"January","February","March","April","May","June","July","August","September","October","November","December"},0)) ), 'Total Annual Points'!$F$5:$F$1000 ), "")} | M25: =South_Operation!$K25-South_Operation!$L25 -> 0 | AC25: =$S$3 -> South_Operation | AD25: =IFERROR(VLOOKUP(SOW[[#This Row],[Department]], Lists!$L$4:$M$7, 2, FALSE), "") -> Fuazan, Fawzi A | AE25: Chemical Inventory | AF25: Weekly | AG25: WK-10 | AH25: A | AI25: FALSE | BA25: =$S$3 -> South_Operation | BB25: =IFERROR(VLOOKUP(SOM[[#This Row],[Department]], Lists!$L$4:$M$7, 2, FALSE), "") -> Fuazan, Fawzi A | BC25: CAR SEAL IMPLEMENTION | BD25: Monthly | BE25: October | BF25: A | BG25: FALSE
E26: =$S$3 -> South_Operation | F26: =IFERROR(VLOOKUP(SOR[[#This Row],[Department]], Lists!$L$4:$M$7, 2, FALSE), "") -> Fuazan, Fawzi A | G26: ICV Stroking | H26: 2025 | I26: November | J26: {=IFERROR( LOOKUP( 2,1/( ('Total Annual Points'!$B$5:$B$1000=E26)* ('Total Annual Points'!$C$5:$C$1000=G26)* ('Total Annual Points'!$D$5:$D$1000=H26)* (MATCH('Total Annual Points'!$E$5:$E$1000,{"January","February","March","April","May","June","July","August","September","October","November","December"},0) <=MATCH(I26,{"January","February","March","April","May","June","July","August","September","October","November","December"},0)) ), 'Total Annual Points'!$F$5:$F$1000 ), "")} | M26: =South_Operation!$K26-South_Operation!$L26 -> 0 | AC26: =$S$3 -> South_Operation | AD26: =IFERROR(VLOOKUP(SOW[[#This Row],[Department]], Lists!$L$4:$M$7, 2, FALSE), "") -> Fuazan, Fawzi A | AE26: Chemical Inventory | AF26: Weekly | AG26: WK-11 | AH26: B | AI26: FALSE | BA26: =$S$3 -> South_Operation | BB26: =IFERROR(VLOOKUP(SOM[[#This Row],[Department]], Lists!$L$4:$M$7, 2, FALSE), "") -> Fuazan, Fawzi A | BC26: CAR SEAL IMPLEMENTION | BD26: Monthly | BE26: November | BF26: B | BG26: FALSE
E27: =$S$3 -> South_Operation | F27: =IFERROR(VLOOKUP(SOR[[#This Row],[Department]], Lists!$L$4:$M$7, 2, FALSE), "") -> Fuazan, Fawzi A | G27: ICV Stroking | H27: 2025 | I27: December | J27: {=IFERROR( LOOKUP( 2,1/( ('Total Annual Points'!$B$5:$B$1000=E27)* ('Total Annual Points'!$C$5:$C$1000=G27)* ('Total Annual Points'!$D$5:$D$1000=H27)* (MATCH('Total Annual Points'!$E$5:$E$1000,{"January","February","March","April","May","June","July","August","September","October","November","December"},0) <=MATCH(I27,{"January","February","March","April","May","June","July","August","September","October","November","December"},0)) ), 'Total Annual Points'!$F$5:$F$1000 ), "")} | M27: =South_Operation!$K27-South_Operation!$L27 -> 0 | AC27: =$S$3 -> South_Operation | AD27: =IFERROR(VLOOKUP(SOW[[#This Row],[Department]], Lists!$L$4:$M$7, 2, FALSE), "") -> Fuazan, Fawzi A | AE27: Chemical Inventory | AF27: Weekly | AG27: WK-12 | AH27: C | AI27: FALSE | BA27: =$S$3 -> South_Operation | BB27: =IFERROR(VLOOKUP(SOM[[#This Row],[Department]], Lists!$L$4:$M$7, 2, FALSE), "") -> Fuazan, Fawzi A | BC27: CAR SEAL IMPLEMENTION | BD27: Monthly | BE27: December | BF27: C | BG27: FALSE
E28: =$S$3 -> South_Operation | F28: =IFERROR(VLOOKUP(SOR[[#This Row],[Department]], Lists!$L$4:$M$7, 2, FALSE), "") -> Fuazan, Fawzi A | G28: PDHMS | H28: 2025 | I28: January | J28: {=IFERROR( LOOKUP( 2,1/( ('Total Annual Points'!$B$5:$B$1000=E28)* ('Total Annual Points'!$C$5:$C$1000=G28)* ('Total Annual Points'!$D$5:$D$1000=H28)* (MATCH('Total Annual Points'!$E$5:$E$1000,{"January","February","March","April","May","June","July","August","September","October","November","December"},0) <=MATCH(I28,{"January","February","March","April","May","June","July","August","September","October","November","December"},0)) ), 'Total Annual Points'!$F$5:$F$1000 ), "")} | M28: =South_Operation!$K28-South_Operation!$L28 -> 0 | AC28: =$S$3 -> South_Operation | AD28: =IFERROR(VLOOKUP(SOW[[#This Row],[Department]], Lists!$L$4:$M$7, 2, FALSE), "") -> Fuazan, Fawzi A | AE28: Chemical Inventory | AF28: Weekly | AG28: WK-13 | AH28: A | AI28: FALSE | BA28: =$S$3 -> South_Operation | BB28: =IFERROR(VLOOKUP(SOM[[#This Row],[Department]], Lists!$L$4:$M$7, 2, FALSE), "") -> Fuazan, Fawzi A | BC28: CHEMICAL RV | BD28: Monthly | BE28: January | BF28: A | BG28: FALSE
E29: =$S$3 -> South_Operation | F29: =IFERROR(VLOOKUP(SOR[[#This Row],[Department]], Lists!$L$4:$M$7, 2, FALSE), "") -> Fuazan, Fawzi A | G29: PDHMS | H29: 2025 | I29: February | J29: {=IFERROR( LOOKUP( 2,1/( ('Total Annual Points'!$B$5:$B$1000=E29)* ('Total Annual Points'!$C$5:$C$1000=G29)* ('Total Annual Points'!$D$5:$D$1000=H29)* (MATCH('Total Annual Points'!$E$5:$E$1000,{"January","February","March","April","May","June","July","August","September","October","November","December"},0) <=MATCH(I29,{"January","February","March","April","May","June","July","August","September","October","November","December"},0)) ), 'Total Annual Points'!$F$5:$F$1000 ), "")} | M29: =South_Operation!$K29-South_Operation!$L29 -> 0 | AC29: =$S$3 -> South_Operation | AD29: =IFERROR(VLOOKUP(SOW[[#This Row],[Department]], Lists!$L$4:$M$7, 2, FALSE), "") -> Fuazan, Fawzi A | AE29: Chemical Inventory | AF29: Weekly | AG29: WK-14 | AH29: B | AI29: FALSE | BA29: =$S$3 -> South_Operation | BB29: =IFERROR(VLOOKUP(SOM[[#This Row],[Department]], Lists!$L$4:$M$7, 2, FALSE), "") -> Fuazan, Fawzi A | BC29: CHEMICAL RV | BD29: Monthly | BE29: February | BF29: B | BG29: FALSE
E30: =$S$3 -> South_Operation | F30: =IFERROR(VLOOKUP(SOR[[#This Row],[Department]], Lists!$L$4:$M$7, 2, FALSE), "") -> Fuazan, Fawzi A | G30: PDHMS | H30: 2025 | I30: March | J30: {=IFERROR( LOOKUP( 2,1/( ('Total Annual Points'!$B$5:$B$1000=E30)* ('Total Annual Points'!$C$5:$C$1000=G30)* ('Total Annual Points'!$D$5:$D$1000=H30)* (MATCH('Total Annual Points'!$E$5:$E$1000,{"January","February","March","April","May","June","July","August","September","October","November","December"},0) <=MATCH(I30,{"January","February","March","April","May","June","July","August","September","October","November","December"},0)) ), 'Total Annual Points'!$F$5:$F$1000 ), "")} | M30: =South_Operation!$K30-South_Operation!$L30 -> 0 | AC30: =$S$3 -> South_Operation | AD30: =IFERROR(VLOOKUP(SOW[[#This Row],[Department]], Lists!$L$4:$M$7, 2, FALSE), "") -> Fuazan, Fawzi A | AE30: Chemical Inventory | AF30: Weekly | AG30: WK-15 | AH30: C | AI30: FALSE | BA30: =$S$3 -> South_Operation | BB30: =IFERROR(VLOOKUP(SOM[[#This Row],[Department]], Lists!$L$4:$M$7, 2, FALSE), "") -> Fuazan, Fawzi A | BC30: CHEMICAL RV | BD30: Monthly | BE30: March | BF30: C | BG30: FALSE
E31: =$S$3 -> South_Operation | F31: =IFERROR(VLOOKUP(SOR[[#This Row],[Department]], Lists!$L$4:$M$7, 2, FALSE), "") -> Fuazan, Fawzi A | G31: PDHMS | H31: 2025 | I31: April | J31: {=IFERROR( LOOKUP( 2,1/( ('Total Annual Points'!$B$5:$B$1000=E31)* ('Total Annual Points'!$C$5:$C$1000=G31)* ('Total Annual Points'!$D$5:$D$1000=H31)* (MATCH('Total Annual Points'!$E$5:$E$1000,{"January","February","March","April","May","June","July","August","September","October","November","December"},0) <=MATCH(I31,{"January","February","March","April","May","June","July","August","September","October","November","December"},0)) ), 'Total Annual Points'!$F$5:$F$1000 ), "")} | M31: =South_Operation!$K31-South_Operation!$L31 -> 0 | AC31: =$S$3 -> South_Operation | AD31: =IFERROR(VLOOKUP(SOW[[#This Row],[Department]], Lists!$L$4:$M$7, 2, FALSE), "") -> Fuazan, Fawzi A | AE31: Chemical Inventory | AF31: Weekly | AG31: WK-16 | AH31: A | AI31: FALSE | BA31: =$S$3 -> South_Operation | BB31: =IFERROR(VLOOKUP(SOM[[#This Row],[Department]], Lists!$L$4:$M$7, 2, FALSE), "") -> Fuazan, Fawzi A | BC31: CHEMICAL RV | BD31: Monthly | BE31: April | BF31: A | BG31: FALSE
E32: =$S$3 -> South_Operation | F32: =IFERROR(VLOOKUP(SOR[[#This Row],[Department]], Lists!$L$4:$M$7, 2, FALSE), "") -> Fuazan, Fawzi A | G32: PDHMS | H32: 2025 | I32: May | J32: {=IFERROR( LOOKUP( 2,1/( ('Total Annual Points'!$B$5:$B$1000=E32)* ('Total Annual Points'!$C$5:$C$1000=G32)* ('Total Annual Points'!$D$5:$D$1000=H32)* (MATCH('Total Annual Points'!$E$5:$E$1000,{"January","February","March","April","May","June","July","August","September","October","November","December"},0) <=MATCH(I32,{"January","February","March","April","May","June","July","August","September","October","November","December"},0)) ), 'Total Annual Points'!$F$5:$F$1000 ), "")} | M32: =South_Operation!$K32-South_Operation!$L32 -> 0 | AC32: =$S$3 -> South_Operation | AD32: =IFERROR(VLOOKUP(SOW[[#This Row],[Department]], Lists!$L$4:$M$7, 2, FALSE), "") -> Fuazan, Fawzi A | AE32: Chemical Inventory | AF32: Weekly | AG32: WK-17 | AH32: B | AI32: FALSE | BA32: =$S$3 -> South_Operation | BB32: =IFERROR(VLOOKUP(SOM[[#This Row],[Department]], Lists!$L$4:$M$7, 2, FALSE), "") -> Fuazan, Fawzi A | BC32: CHEMICAL RV | BD32: Monthly | BE32: May | BF32: B | BG32: FALSE
... E51: =$S$3 -> South_Operation | F51: =IFERROR(VLOOKUP(SOR[[#This Row],[Department]], Lists!$L$4:$M$7, 2, FALSE), "") -> Fuazan, Fawzi A | G51: Well Testing | H51: 2025 | I51: December | J51: {=IFERROR( LOOKUP( 2,1/( ('Total Annual Points'!$B$5:$B$1000=E51)* ('Total Annual Points'!$C$5:$C$1000=G51)* ('Total Annual Points'!$D$5:$D$1000=H51)* (MATCH('Total Annual Points'!$E$5:$E$1000,{"January","February","March","April","May","June","July","August","September","October","November","December"},0) <=MATCH(I51,{"January","February","March","April","May","June","July","August","September","October","November","December"},0)) ), 'Total Annual Points'!$F$5:$F$1000 ), "")} | M51: =South_Operation!$K51-South_Operation!$L51 -> 0 | AC51: =$S$3 -> South_Operation | AD51: =IFERROR(VLOOKUP(SOW[[#This Row],[Department]], Lists!$L$4:$M$7, 2, FALSE), "") -> Fuazan, Fawzi A | AE51: Chemical Inventory | AF51: Weekly | AG51: WK-36 | AH51: C | AI51: FALSE | BA51: =$S$3 -> South_Operation | BB51: =IFERROR(VLOOKUP(SOM[[#This Row],[Department]], Lists!$L$4:$M$7, 2, FALSE), "") -> Fuazan, Fawzi A | BC51: Emergency Light | BD51: Monthly | BE51: December | BF51: C | BG51: FALSE
E52: =$S$3 -> South_Operation | F52: =IFERROR(VLOOKUP(SOR[[#This Row],[Department]], Lists!$L$4:$M$7, 2, FALSE), "") | AC52: =$S$3 -> South_Operation | AD52: =IFERROR(VLOOKUP(SOW[[#This Row],[Department]], Lists!$L$4:$M$7, 2, FALSE), "") -> Fuazan, Fawzi A | AE52: Chemical Inventory | AF52: Weekly | AG52: WK-37 | AH52: A | AI52: FALSE | BA52: =$S$3 -> South_Operation | BB52: =IFERROR(VLOOKUP(SOM[[#This Row],[Department]], Lists!$L$4:$M$7, 2, FALSE), "") -> Fuazan, Fawzi A | BC52: FIRE DETECTION & ALARM SYSTEIM | BD52: Monthly | BE52: January | BF52: A | BG52: FALSE
E53: =$S$3 -> South_Operation | F53: =IFERROR(VLOOKUP(SOR[[#This Row],[Department]], Lists!$L$4:$M$7, 2, FALSE), "") | AC53: =$S$3 -> South_Operation | AD53: =IFERROR(VLOOKUP(SOW[[#This Row],[Department]], Lists!$L$4:$M$7, 2, FALSE), "") -> Fuazan, Fawzi A | AE53: Chemical Inventory | AF53: Weekly | AG53: WK-38 | AH53: B | AI53: FALSE | BA53: =$S$3 -> South_Operation | BB53: =IFERROR(VLOOKUP(SOM[[#This Row],[Department]], Lists!$L$4:$M$7, 2, FALSE), "") -> Fuazan, Fawzi A | BC53: FIRE DETECTION & ALARM SYSTEIM | BD53: Monthly | BE53: February | BF53: B | BG53: FALSE
E54: =$S$3 -> South_Operation | F54: =IFERROR(VLOOKUP(SOR[[#This Row],[Department]], Lists!$L$4:$M$7, 2, FALSE), "") | AC54: =$S$3 -> South_Operation | AD54: =IFERROR(VLOOKUP(SOW[[#This Row],[Department]], Lists!$L$4:$M$7, 2, FALSE), "") -> Fuazan, Fawzi A | AE54: Chemical Inventory | AF54: Weekly | AG54: WK-39 | AH54: C | AI54: FALSE | BA54: =$S$3 -> South_Operation | BB54: =IFERROR(VLOOKUP(SOM[[#This Row],[Department]], Lists!$L$4:$M$7, 2, FALSE), "") -> Fuazan, Fawzi A | BC54: FIRE DETECTION & ALARM SYSTEIM | BD54: Monthly | BE54: March | BF54: C | BG54: FALSE
E55: =$S$3 -> South_Operation | F55: =IFERROR(VLOOKUP(SOR[[#This Row],[Department]], Lists!$L$4:$M$7, 2, FALSE), "") | AC55: =$S$3 -> South_Operation | AD55: =IFERROR(VLOOKUP(SOW[[#This Row],[Department]], Lists!$L$4:$M$7, 2, FALSE), "") -> Fuazan, Fawzi A | AE55: Chemical Inventory | AF55: Weekly | AG55: WK-40 | AH55: A | AI55: FALSE | BA55: =$S$3 -> South_Operation | BB55: =IFERROR(VLOOKUP(SOM[[#This Row],[Department]], Lists!$L$4:$M$7, 2, FALSE), "") -> Fuazan, Fawzi A | BC55: FIRE DETECTION & ALARM SYSTEIM | BD55: Monthly | BE55: April | BF55: A | BG55: FALSE
AC56: =$S$3 -> South_Operation | AD56: =IFERROR(VLOOKUP(SOW[[#This Row],[Department]], Lists!$L$4:$M$7, 2, FALSE), "") -> Fuazan, Fawzi A | AE56: Chemical Inventory | AF56: Weekly | AG56: WK-41 | AH56: B | AI56: FALSE | BA56: =$S$3 -> South_Operation | BB56: =IFERROR(VLOOKUP(SOM[[#This Row],[Department]], Lists!$L$4:$M$7, 2, FALSE), "") -> Fuazan, Fawzi A | BC56: FIRE DETECTION & ALARM SYSTEIM | BD56: Monthly | BE56: May | BF56: B | BG56: FALSE
AC57: =$S$3 -> South_Operation | AD57: =IFERROR(VLOOKUP(SOW[[#This Row],[Department]], Lists!$L$4:$M$7, 2, FALSE), "") -> Fuazan, Fawzi A | AE57: Chemical Inventory | AF57: Weekly | AG57: WK-42 | AH57: C | AI57: FALSE | BA57: =$S$3 -> South_Operation | BB57: =IFERROR(VLOOKUP(SOM[[#This Row],[Department]], Lists!$L$4:$M$7, 2, FALSE), "") -> Fuazan, Fawzi A | BC57: FIRE DETECTION & ALARM SYSTEIM | BD57: Monthly | BE57: June | BF57: C | BG57: FALSE
AC58: =$S$3 -> South_Operation | AD58: =IFERROR(VLOOKUP(SOW[[#This Row],[Department]], Lists!$L$4:$M$7, 2, FALSE), "") -> Fuazan, Fawzi A | AE58: Chemical Inventory | AF58: Weekly | AG58: WK-43 | AH58: A | AI58: FALSE | BA58: =$S$3 -> South_Operation | BB58: =IFERROR(VLOOKUP(SOM[[#This Row],[Department]], Lists!$L$4:$M$7, 2, FALSE), "") -> Fuazan, Fawzi A | BC58: FIRE DETECTION & ALARM SYSTEIM | BD58: Monthly | BE58: July | BF58: A | BG58: FALSE
AC59: =$S$3 -> South_Operation | AD59: =IFERROR(VLOOKUP(SOW[[#This Row],[Department]], Lists!$L$4:$M$7, 2, FALSE), "") -> Fuazan, Fawzi A | AE59: Chemical Inventory | AF59: Weekly | AG59: WK-44 | AH59: B | AI59: FALSE | BA59: =$S$3 -> South_Operation | BB59: =IFERROR(VLOOKUP(SOM[[#This Row],[Department]], Lists!$L$4:$M$7, 2, FALSE), "") -> Fuazan, Fawzi A | BC59: FIRE DETECTION & ALARM SYSTEIM | BD59: Monthly | BE59: August | BF59: B | BG59: FALSE
AC60: =$S$3 -> South_Operation | AD60: =IFERROR(VLOOKUP(SOW[[#This Row],[Department]], Lists!$L$4:$M$7, 2, FALSE), "") -> Fuazan, Fawzi A | AE60: Chemical Inventory | AF60: Weekly | AG60: WK-45 | AH60: C | AI60: FALSE | BA60: =$S$3 -> South_Operation | BB60: =IFERROR(VLOOKUP(SOM[[#This Row],[Department]], Lists!$L$4:$M$7, 2, FALSE), "") -> Fuazan, Fawzi A | BC60: FIRE DETECTION & ALARM SYSTEIM | BD60: Monthly | BE60: September | BF60: C | BG60: FALSE
AC61: =$S$3 -> South_Operation | AD61: =IFERROR(VLOOKUP(SOW[[#This Row],[Department]], Lists!$L$4:$M$7, 2, FALSE), "") -> Fuazan, Fawzi A | AE61: Chemical Inventory | AF61: Weekly | AG61: WK-46 | AH61: A | AI61: FALSE | BA61: =$S$3 -> South_Operation | BB61: =IFERROR(VLOOKUP(SOM[[#This Row],[Department]], Lists!$L$4:$M$7, 2, FALSE), "") -> Fuazan, Fawzi A | BC61: FIRE DETECTION & ALARM SYSTEIM | BD61: Monthly | BE61: October | BF61: A | BG61: FALSE
AC62: =$S$3 -> South_Operation | AD62: =IFERROR(VLOOKUP(SOW[[#This Row],[Department]], Lists!$L$4:$M$7, 2, FALSE), "") -> Fuazan, Fawzi A | AE62: Chemical Inventory | AF62: Weekly | AG62: WK-47 | AH62: B | AI62: FALSE | BA62: =$S$3 -> South_Operation | BB62: =IFERROR(VLOOKUP(SOM[[#This Row],[Department]], Lists!$L$4:$M$7, 2, FALSE), "") -> Fuazan, Fawzi A | BC62: FIRE DETECTION & ALARM SYSTEIM | BD62: Monthly | BE62: November | BF62: B | BG62: FALSE
AC63: =$S$3 -> South_Operation | AD63: =IFERROR(VLOOKUP(SOW[[#This Row],[Department]], Lists!$L$4:$M$7, 2, FALSE), "") -> Fuazan, Fawzi A | AE63: Chemical Inventory | AF63: Weekly | AG63: WK-48 | AH63: C | AI63: FALSE | BA63: =$S$3 -> South_Operation | BB63: =IFERROR(VLOOKUP(SOM[[#This Row],[Department]], Lists!$L$4:$M$7, 2, FALSE), "") -> Fuazan, Fawzi A | BC63: FIRE DETECTION & ALARM SYSTEIM | BD63: Monthly | BE63: December | BF63: C | BG63: FALSE
AC64: =$S$3 -> South_Operation | AD64: =IFERROR(VLOOKUP(SOW[[#This Row],[Department]], Lists!$L$4:$M$7, 2, FALSE), "") -> Fuazan, Fawzi A | AE64: Chemical Inventory | AF64: Weekly | AG64: WK-49 | AH64: A | AI64: FALSE | BA64: =$S$3 -> South_Operation | BB64: =IFERROR(VLOOKUP(SOM[[#This Row],[Department]], Lists!$L$4:$M$7, 2, FALSE), "") -> Fuazan, Fawzi A | BC64: FIRE EXTINGUISHERS & HOSE REEL | BD64: Monthly | BE64: January | BF64: A | BG64: FALSE
AC65: =$S$3 -> South_Operation | AD65: =IFERROR(VLOOKUP(SOW[[#This Row],[Department]], Lists!$L$4:$M$7, 2, FALSE), "") -> Fuazan, Fawzi A | AE65: Chemical Inventory | AF65: Weekly | AG65: WK-50 | AH65: B | AI65: FALSE | BA65: =$S$3 -> South_Operation | BB65: =IFERROR(VLOOKUP(SOM[[#This Row],[Department]], Lists!$L$4:$M$7, 2, FALSE), "") -> Fuazan, Fawzi A | BC65: FIRE EXTINGUISHERS & HOSE REEL | BD65: Monthly | BE65: February | BF65: B | BG65: FALSE
AC66: =$S$3 -> South_Operation | AD66: =IFERROR(VLOOKUP(SOW[[#This Row],[Department]], Lists!$L$4:$M$7, 2, FALSE), "") -> Fuazan, Fawzi A | AE66: Chemical Inventory | AF66: Weekly | AG66: WK-51 | AH66: C | AI66: FALSE | BA66: =$S$3 -> South_Operation | BB66: =IFERROR(VLOOKUP(SOM[[#This Row],[Department]], Lists!$L$4:$M$7, 2, FALSE), "") -> Fuazan, Fawzi A | BC66: FIRE EXTINGUISHERS & HOSE REEL | BD66: Monthly | BE66: March | BF66: C | BG66: FALSE
AC67: =$S$3 -> South_Operation | AD67: =IFERROR(VLOOKUP(SOW[[#This Row],[Department]], Lists!$L$4:$M$7, 2, FALSE), "") -> Fuazan, Fawzi A | AE67: Chemical Inventory | AF67: Weekly | AG67: WK-52 | AH67: A | AI67: FALSE | BA67: =$S$3 -> South_Operation | BB67: =IFERROR(VLOOKUP(SOM[[#This Row],[Department]], Lists!$L$4:$M$7, 2, FALSE), "") -> Fuazan, Fawzi A | BC67: FIRE EXTINGUISHERS & HOSE REEL | BD67: Monthly | BE67: April | BF67: A | BG67: FALSE
... AC123: =$S$3 -> South_Operation | AD123: =IFERROR(VLOOKUP(SOW[[#This Row],[Department]], Lists!$L$4:$M$7, 2, FALSE), "") -> Fuazan, Fawzi A | AE123: Safety Communication Meeting | AF123: Weekly | AG123: WK-4 | AH123: A | AI123: FALSE | BA123: =$S$3 -> South_Operation | BB123: =IFERROR(VLOOKUP(SOM[[#This Row],[Department]], Lists!$L$4:$M$7, 2, FALSE), "") -> Fuazan, Fawzi A | BC123: SAB CHECKLIST | BD123: Monthly | BE123: December | BF123: C | BG123: FALSE
AC124: =$S$3 -> South_Operation | AD124: =IFERROR(VLOOKUP(SOW[[#This Row],[Department]], Lists!$L$4:$M$7, 2, FALSE), "") -> Fuazan, Fawzi A | AE124: Safety Communication Meeting | AF124: Weekly | AG124: WK-5 | AH124: B | AI124: FALSE | BA124: =$S$3 -> South_Operation | BB124: =IFERROR(VLOOKUP(SOM[[#This Row],[Department]], Lists!$L$4:$M$7, 2, FALSE), "")
AC125: =$S$3 -> South_Operation | AD125: =IFERROR(VLOOKUP(SOW[[#This Row],[Department]], Lists!$L$4:$M$7, 2, FALSE), "") -> Fuazan, Fawzi A | AE125: Safety Communication Meeting | AF125: Weekly | AG125: WK-6 | AH125: C | AI125: FALSE
AC126: =$S$3 -> South_Operation | AD126: =IFERROR(VLOOKUP(SOW[[#This Row],[Department]], Lists!$L$4:$M$7, 2, FALSE), "") -> Fuazan, Fawzi A | AE126: Safety Communication Meeting | AF126: Weekly | AG126: WK-7 | AH126: A | AI126: FALSE
AC127: =$S$3 -> South_Operation | AD127: =IFERROR(VLOOKUP(SOW[[#This Row],[Department]], Lists!$L$4:$M$7, 2, FALSE), "") -> Fuazan, Fawzi A | AE127: Safety Communication Meeting | AF127: Weekly | AG127: WK-8 | AH127: B | AI127: FALSE
AC128: =$S$3 -> South_Operation | AD128: =IFERROR(VLOOKUP(SOW[[#This Row],[Department]], Lists!$L$4:$M$7, 2, FALSE), "") -> Fuazan, Fawzi A | AE128: Safety Communication Meeting | AF128: Weekly | AG128: WK-9 | AH128: C | AI128: FALSE
AC129: =$S$3 -> South_Operation | AD129: =IFERROR(VLOOKUP(SOW[[#This Row],[Department]], Lists!$L$4:$M$7, 2, FALSE), "") -> Fuazan, Fawzi A | AE129: Safety Communication Meeting | AF129: Weekly | AG129: WK-10 | AH129: A | AI129: FALSE
AC130: =$S$3 -> South_Operation | AD130: =IFERROR(VLOOKUP(SOW[[#This Row],[Department]], Lists!$L$4:$M$7, 2, FALSE), "") -> Fuazan, Fawzi A | AE130: Safety Communication Meeting | AF130: Weekly | AG130: WK-11 | AH130: B | AI130: FALSE
AC131: =$S$3 -> South_Operation | AD131: =IFERROR(VLOOKUP(SOW[[#This Row],[Department]], Lists!$L$4:$M$7, 2, FALSE), "") -> Fuazan, Fawzi A | AE131: Safety Communication Meeting | AF131: Weekly | AG131: WK-12 | AH131: C | AI131: FALSE
AC132: =$S$3 -> South_Operation | AD132: =IFERROR(VLOOKUP(SOW[[#This Row],[Department]], Lists!$L$4:$M$7, 2, FALSE), "") -> Fuazan, Fawzi A | AE132: Safety Communication Meeting | AF132: Weekly | AG132: WK-13 | AH132: A | AI132: FALSE
AC133: =$S$3 -> South_Operation | AD133: =IFERROR(VLOOKUP(SOW[[#This Row],[Department]], Lists!$L$4:$M$7, 2, FALSE), "") -> Fuazan, Fawzi A | AE133: Safety Communication Meeting | AF133: Weekly | AG133: WK-14 | AH133: B | AI133: FALSE
AC134: =$S$3 -> South_Operation | AD134: =IFERROR(VLOOKUP(SOW[[#This Row],[Department]], Lists!$L$4:$M$7, 2, FALSE), "") -> Fuazan, Fawzi A | AE134: Safety Communication Meeting | AF134: Weekly | AG134: WK-15 | AH134: C | AI134: FALSE
AC135: =$S$3 -> South_Operation | AD135: =IFERROR(VLOOKUP(SOW[[#This Row],[Department]], Lists!$L$4:$M$7, 2, FALSE), "") -> Fuazan, Fawzi A | AE135: Safety Communication Meeting | AF135: Weekly | AG135: WK-16 | AH135: A | AI135: FALSE
AC136: =$S$3 -> South_Operation | AD136: =IFERROR(VLOOKUP(SOW[[#This Row],[Department]], Lists!$L$4:$M$7, 2, FALSE), "") -> Fuazan, Fawzi A | AE136: Safety Communication Meeting | AF136: Weekly | AG136: WK-17 | AH136: B | AI136: FALSE
... AC275: =$S$3 -> South_Operation | AD275: =IFERROR(VLOOKUP(SOW[[#This Row],[Department]], Lists!$L$4:$M$7, 2, FALSE), "") -> Fuazan, Fawzi A | AE275: SCABA Practice | AF275: Weekly | AG275: WK-52 | AH275: A | AI275: FALSE
AC276: =$S$3 -> South_Operation | AD276: =IFERROR(VLOOKUP(SOW[[#This Row],[Department]], Lists!$L$4:$M$7, 2, FALSE), "")
AC277: =$S$3 -> South_Operation | AD277: =IFERROR(VLOOKUP(SOW[[#This Row],[Department]], Lists!$L$4:$M$7, 2, FALSE), "")
AC278: =$S$3 -> South_Operation | AD278: =IFERROR(VLOOKUP(SOW[[#This Row],[Department]], Lists!$L$4:$M$7, 2, FALSE), "")
AC279: =$S$3 -> South_Operation | AD279: =IFERROR(VLOOKUP(SOW[[#This Row],[Department]], Lists!$L$4:$M$7, 2, FALSE), "")

Sheet North_Operation
S2: =IFERROR(VLOOKUP(E16, Lists!$L$4:$M$7, 2, FALSE), "") -> Katheeri, Khalled A
S3: North_Operation
E15: Department | F15: Manager | G15: Requirement | H15: Year | I15: Month | J15: Total Annual Points | K15: Monthly Target | L15: Completed | M15: Pending | N15: Notes | AC15: Department | AD15: Manager | AE15: Task | AF15: Frequancy | AG15: Period | AH15: Group | AI15: Completed (✔/✖) | AJ15: Notes | BA15: Department | BB15: Manager | BC15: Task | BD15: Frequancy | BE15: Period | BF15: Group | BG15: Completed (✔/✖) | BH15: Notes | BW15: Department | BX15: Manager | BY15: Task | BZ15: Frequancy | CA15: Period | CB15: Group | CC15: Completed (✔/✖) | CD15: Notes
E16: =$S$3 -> North_Operation | F16: =IFERROR(VLOOKUP(NOR[[#This Row],[Department]], Lists!$L$4:$M$7, 2, FALSE), "") -> Katheeri, Khalled A | G16: ICV Stroking | H16: 2025 | I16: January | J16: {=IFERROR( LOOKUP( 2,1/( ('Total Annual Points'!$B$5:$B$1000=E16)* ('Total Annual Points'!$C$5:$C$1000=G16)* ('Total Annual Points'!$D$5:$D$1000=H16)* (MATCH('Total Annual Points'!$E$5:$E$1000,{"January","February","March","April","May","June","July","August","September","October","November","December"},0) <=MATCH(I16,{"January","February","March","April","May","June","July","August","September","October","November","December"},0)) ), 'Total Annual Points'!$F$5:$F$1000 ), "")} | M16: =North_Operation!$K16-North_Operation!$L16 -> 0 | AC16: =$S$3 -> North_Operation | AD16: =IFERROR(VLOOKUP(NOW[[#This Row],[Department]], Lists!$L$4:$M$7, 2, FALSE), "") -> Katheeri, Khalled A | AE16: Chemical Inventory | AF16: Weekly | AG16: WK-1 | AH16: A | AI16: FALSE | BA16: =$S$3 -> North_Operation | BB16: =IFERROR(VLOOKUP(NOM[[#This Row],[Department]], Lists!$L$4:$M$7, 2, FALSE), "") -> Katheeri, Khalled A | BC16: CAR SEAL IMPLEMENTION | BD16: Monthly | BE16: January | BF16: A | BG16: FALSE | BW16: =$S$3 -> North_Operation | BX16: =IFERROR(VLOOKUP(NOQ[[#This Row],[Department]], Lists!$L$4:$M$7, 2, FALSE), "") -> Katheeri, Khalled A | BY16: EMERGENCY DRILL | BZ16: Quarterly | CA16: 1st Quarter | CB16: A | CC16: FALSE
E17: =$S$3 -> North_Operation | F17: =IFERROR(VLOOKUP(NOR[[#This Row],[Department]], Lists!$L$4:$M$7, 2, FALSE), "") -> Katheeri, Khalled A | G17: ICV Stroking | H17: 2025 | I17: February | J17: {=IFERROR( LOOKUP( 2,1/( ('Total Annual Points'!$B$5:$B$1000=E17)* ('Total Annual Points'!$C$5:$C$1000=G17)* ('Total Annual Points'!$D$5:$D$1000=H17)* (MATCH('Total Annual Points'!$E$5:$E$1000,{"January","February","March","April","May","June","July","August","September","October","November","December"},0) <=MATCH(I17,{"January","February","March","April","May","June","July","August","September","October","November","December"},0)) ), 'Total Annual Points'!$F$5:$F$1000 ), "")} | M17: =North_Operation!$K17-North_Operation!$L17 -> 0 | AC17: =$S$3 -> North_Operation | AD17: =IFERROR(VLOOKUP(NOW[[#This Row],[Department]], Lists!$L$4:$M$7, 2, FALSE), "") -> Katheeri, Khalled A | AE17: Chemical Inventory | AF17: Weekly | AG17: WK-2 | AH17: B | AI17: FALSE | BA17: =$S$3 -> North_Operation | BB17: =IFERROR(VLOOKUP(NOM[[#This Row],[Department]], Lists!$L$4:$M$7, 2, FALSE), "") -> Katheeri, Khalled A | BC17: CAR SEAL IMPLEMENTION | BD17: Monthly | BE17: February | BF17: B | BG17: FALSE | BW17: =$S$3 -> North_Operation | BX17: =IFERROR(VLOOKUP(NOQ[[#This Row],[Department]], Lists!$L$4:$M$7, 2, FALSE), "") -> Katheeri, Khalled A | BY17: EMERGENCY DRILL | BZ17: Quarterly | CA17: 2nd Quarter | CB17: B | CC17: FALSE
E18: =$S$3 -> North_Operation | F18: =IFERROR(VLOOKUP(NOR[[#This Row],[Department]], Lists!$L$4:$M$7, 2, FALSE), "") -> Katheeri, Khalled A | G18: ICV Stroking | H18: 2025 | I18: March | J18: {=IFERROR( LOOKUP( 2,1/( ('Total Annual Points'!$B$5:$B$1000=E18)* ('Total Annual Points'!$C$5:$C$1000=G18)* ('Total Annual Points'!$D$5:$D$1000=H18)* (MATCH('Total Annual Points'!$E$5:$E$1000,{"January","February","March","April","May","June","July","August","September","October","November","December"},0) <=MATCH(I18,{"January","February","March","April","May","June","July","August","September","October","November","December"},0)) ), 'Total Annual Points'!$F$5:$F$1000 ), "")} | M18: =North_Operation!$K18-North_Operation!$L18 -> 0 | AC18: =$S$3 -> North_Operation | AD18: =IFERROR(VLOOKUP(NOW[[#This Row],[Department]], Lists!$L$4:$M$7, 2, FALSE), "") -> Katheeri, Khalled A | AE18: Chemical Inventory | AF18: Weekly | AG18: WK-3 | AH18: C | AI18: FALSE | BA18: =$S$3 -> North_Operation | BB18: =IFERROR(VLOOKUP(NOM[[#This Row],[Department]], Lists!$L$4:$M$7, 2, FALSE), "") -> Katheeri, Khalled A | BC18: CAR SEAL IMPLEMENTION | BD18: Monthly | BE18: March | BF18: C | BG18: FALSE | BW18: =$S$3 -> North_Operation | BX18: =IFERROR(VLOOKUP(NOQ[[#This Row],[Department]], Lists!$L$4:$M$7, 2, FALSE), "") -> Katheeri, Khalled A | BY18: EMERGENCY DRILL | BZ18: Quarterly | CA18: 3rd Quarter | CB18: C | CC18: FALSE
E19: =$S$3 -> North_Operation | F19: =IFERROR(VLOOKUP(NOR[[#This Row],[Department]], Lists!$L$4:$M$7, 2, FALSE), "") -> Katheeri, Khalled A | G19: ICV Stroking | H19: 2025 | I19: April | J19: {=IFERROR( LOOKUP( 2,1/( ('Total Annual Points'!$B$5:$B$1000=E19)* ('Total Annual Points'!$C$5:$C$1000=G19)* ('Total Annual Points'!$D$5:$D$1000=H19)* (MATCH('Total Annual Points'!$E$5:$E$1000,{"January","February","March","April","May","June","July","August","September","October","November","December"},0) <=MATCH(I19,{"January","February","March","April","May","June","July","August","September","October","November","December"},0)) ), 'Total Annual Points'!$F$5:$F$1000 ), "")} | M19: =North_Operation!$K19-North_Operation!$L19 -> 0 | AC19: =$S$3 -> North_Operation | AD19: =IFERROR(VLOOKUP(NOW[[#This Row],[Department]], Lists!$L$4:$M$7, 2, FALSE), "") -> Katheeri, Khalled A | AE19: Chemical Inventory | AF19: Weekly | AG19: WK-4 | AH19: A | AI19: FALSE | BA19: =$S$3 -> North_Operation | BB19: =IFERROR(VLOOKUP(NOM[[#This Row],[Department]], Lists!$L$4:$M$7, 2, FALSE), "") -> Katheeri, Khalled A | BC19: CAR SEAL IMPLEMENTION | BD19: Monthly | BE19: April | BF19: A | BG19: FALSE | BW19: =$S$3 -> North_Operation | BX19: =IFERROR(VLOOKUP(NOQ[[#This Row],[Department]], Lists!$L$4:$M$7, 2, FALSE), "") -> Katheeri, Khalled A | BY19: EMERGENCY DRILL | BZ19: Quarterly | CA19: 4th Quarter | CB19: A | CC19: FALSE
E20: =$S$3 -> North_Operation | F20: =IFERROR(VLOOKUP(NOR[[#This Row],[Department]], Lists!$L$4:$M$7, 2, FALSE), "") -> Katheeri, Khalled A | G20: ICV Stroking | H20: 2025 | I20: May | J20: {=IFERROR( LOOKUP( 2,1/( ('Total Annual Points'!$B$5:$B$1000=E20)* ('Total Annual Points'!$C$5:$C$1000=G20)* ('Total Annual Points'!$D$5:$D$1000=H20)* (MATCH('Total Annual Points'!$E$5:$E$1000,{"January","February","March","April","May","June","July","August","September","October","November","December"},0) <=MATCH(I20,{"January","February","March","April","May","June","July","August","September","October","November","December"},0)) ), 'Total Annual Points'!$F$5:$F$1000 ), "")} | M20: =North_Operation!$K20-North_Operation!$L20 -> 0 | AC20: =$S$3 -> North_Operation | AD20: =IFERROR(VLOOKUP(NOW[[#This Row],[Department]], Lists!$L$4:$M$7, 2, FALSE), "") -> Katheeri, Khalled A | AE20: Chemical Inventory | AF20: Weekly | AG20: WK-5 | AH20: B | AI20: FALSE | BA20: =$S$3 -> North_Operation | BB20: =IFERROR(VLOOKUP(NOM[[#This Row],[Department]], Lists!$L$4:$M$7, 2, FALSE), "") -> Katheeri, Khalled A | BC20: CAR SEAL IMPLEMENTION | BD20: Monthly | BE20: May | BF20: B | BG20: FALSE | BW20: =$S$3 -> North_Operation | BX20: =IFERROR(VLOOKUP(NOQ[[#This Row],[Department]], Lists!$L$4:$M$7, 2, FALSE), "")
E21: =$S$3 -> North_Operation | F21: =IFERROR(VLOOKUP(NOR[[#This Row],[Department]], Lists!$L$4:$M$7, 2, FALSE), "") -> Katheeri, Khalled A | G21: ICV Stroking | H21: 2025 | I21: June | J21: {=IFERROR( LOOKUP( 2,1/( ('Total Annual Points'!$B$5:$B$1000=E21)* ('Total Annual Points'!$C$5:$C$1000=G21)* ('Total Annual Points'!$D$5:$D$1000=H21)* (MATCH('Total Annual Points'!$E$5:$E$1000,{"January","February","March","April","May","June","July","August","September","October","November","December"},0) <=MATCH(I21,{"January","February","March","April","May","June","July","August","September","October","November","December"},0)) ), 'Total Annual Points'!$F$5:$F$1000 ), "")} | M21: =North_Operation!$K21-North_Operation!$L21 -> 0 | AC21: =$S$3 -> North_Operation | AD21: =IFERROR(VLOOKUP(NOW[[#This Row],[Department]], Lists!$L$4:$M$7, 2, FALSE), "") -> Katheeri, Khalled A | AE21: Chemical Inventory | AF21: Weekly | AG21: WK-6 | AH21: C | AI21: FALSE | BA21: =$S$3 -> North_Operation | BB21: =IFERROR(VLOOKUP(NOM[[#This Row],[Department]], Lists!$L$4:$M$7, 2, FALSE), "") -> Katheeri, Khalled A | BC21: CAR SEAL IMPLEMENTION | BD21: Monthly | BE21: June | BF21: C | BG21: FALSE
E22: =$S$3 -> North_Operation | F22: =IFERROR(VLOOKUP(NOR[[#This Row],[Department]], Lists!$L$4:$M$7, 2, FALSE), "") -> Katheeri, Khalled A | G22: ICV Stroking | H22: 2025 | I22: July | J22: {=IFERROR( LOOKUP( 2,1/( ('Total Annual Points'!$B$5:$B$1000=E22)* ('Total Annual Points'!$C$5:$C$1000=G22)* ('Total Annual Points'!$D$5:$D$1000=H22)* (MATCH('Total Annual Points'!$E$5:$E$1000,{"January","February","March","April","May","June","July","August","September","October","November","December"},0) <=MATCH(I22,{"January","February","March","April","May","June","July","August","September","October","November","December"},0)) ), 'Total Annual Points'!$F$5:$F$1000 ), "")} | M22: =North_Operation!$K22-North_Operation!$L22 -> 0 | AC22: =$S$3 -> North_Operation | AD22: =IFERROR(VLOOKUP(NOW[[#This Row],[Department]], Lists!$L$4:$M$7, 2, FALSE), "") -> Katheeri, Khalled A | AE22: Chemical Inventory | AF22: Weekly | AG22: WK-7 | AH22: A | AI22: FALSE | BA22: =$S$3 -> North_Operation | BB22: =IFERROR(VLOOKUP(NOM[[#This Row],[Department]], Lists!$L$4:$M$7, 2, FALSE), "") -> Katheeri, Khalled A | BC22: CAR SEAL IMPLEMENTION | BD22: Monthly | BE22: July | BF22: A | BG22: FALSE
E23: =$S$3 -> North_Operation | F23: =IFERROR(VLOOKUP(NOR[[#This Row],[Department]], Lists!$L$4:$M$7, 2, FALSE), "") -> Katheeri, Khalled A | G23: ICV Stroking | H23: 2025 | I23: August | J23: {=IFERROR( LOOKUP( 2,1/( ('Total Annual Points'!$B$5:$B$1000=E23)* ('Total Annual Points'!$C$5:$C$1000=G23)* ('Total Annual Points'!$D$5:$D$1000=H23)* (MATCH('Total Annual Points'!$E$5:$E$1000,{"January","February","March","April","May","June","July","August","September","October","November","December"},0) <=MATCH(I23,{"January","February","March","April","May","June","July","August","September","October","November","December"},0)) ), 'Total Annual Points'!$F$5:$F$1000 ), "")} | M23: =North_Operation!$K23-North_Operation!$L23 -> 0 | AC23: =$S$3 -> North_Operation | AD23: =IFERROR(VLOOKUP(NOW[[#This Row],[Department]], Lists!$L$4:$M$7, 2, FALSE), "") -> Katheeri, Khalled A | AE23: Chemical Inventory | AF23: Weekly | AG23: WK-8 | AH23: B | AI23: FALSE | BA23: =$S$3 -> North_Operation | BB23: =IFERROR(VLOOKUP(NOM[[#This Row],[Department]], Lists!$L$4:$M$7, 2, FALSE), "") -> Katheeri, Khalled A | BC23: CAR SEAL IMPLEMENTION | BD23: Monthly | BE23: August | BF23: B | BG23: FALSE
E24: =$S$3 -> North_Operation | F24: =IFERROR(VLOOKUP(NOR[[#This Row],[Department]], Lists!$L$4:$M$7, 2, FALSE), "") -> Katheeri, Khalled A | G24: ICV Stroking | H24: 2025 | I24: September | J24: {=IFERROR( LOOKUP( 2,1/( ('Total Annual Points'!$B$5:$B$1000=E24)* ('Total Annual Points'!$C$5:$C$1000=G24)* ('Total Annual Points'!$D$5:$D$1000=H24)* (MATCH('Total Annual Points'!$E$5:$E$1000,{"January","February","March","April","May","June","July","August","September","October","November","December"},0) <=MATCH(I24,{"January","February","March","April","May","June","July","August","September","October","November","December"},0)) ), 'Total Annual Points'!$F$5:$F$1000 ), "")} | M24: =North_Operation!$K24-North_Operation!$L24 -> 0 | AC24: =$S$3 -> North_Operation | AD24: =IFERROR(VLOOKUP(NOW[[#This Row],[Department]], Lists!$L$4:$M$7, 2, FALSE), "") -> Katheeri, Khalled A | AE24: Chemical Inventory | AF24: Weekly | AG24: WK-9 | AH24: C | AI24: FALSE | BA24: =$S$3 -> North_Operation | BB24: =IFERROR(VLOOKUP(NOM[[#This Row],[Department]], Lists!$L$4:$M$7, 2, FALSE), "") -> Katheeri, Khalled A | BC24: CAR SEAL IMPLEMENTION | BD24: Monthly | BE24: September | BF24: C | BG24: FALSE
E25: =$S$3 -> North_Operation | F25: =IFERROR(VLOOKUP(NOR[[#This Row],[Department]], Lists!$L$4:$M$7, 2, FALSE), "") -> Katheeri, Khalled A | G25: ICV Stroking | H25: 2025 | I25: October | J25: {=IFERROR( LOOKUP( 2,1/( ('Total Annual Points'!$B$5:$B$1000=E25)* ('Total Annual Points'!$C$5:$C$1000=G25)* ('Total Annual Points'!$D$5:$D$1000=H25)* (MATCH('Total Annual Points'!$E$5:$E$1000,{"January","February","March","April","May","June","July","August","September","October","November","December"},0) <=MATCH(I25,{"January","February","March","April","May","June","July","August","September","October","November","December"},0)) ), 'Total Annual Points'!$F$5:$F$1000 ), "")} | M25: =North_Operation!$K25-North_Operation!$L25 -> 0 | AC25: =$S$3 -> North_Operation | AD25: =IFERROR(VLOOKUP(NOW[[#This Row],[Department]], Lists!$L$4:$M$7, 2, FALSE), "") -> Katheeri, Khalled A | AE25: Chemical Inventory | AF25: Weekly | AG25: WK-10 | AH25: A | AI25: FALSE | BA25: =$S$3 -> North_Operation | BB25: =IFERROR(VLOOKUP(NOM[[#This Row],[Department]], Lists!$L$4:$M$7, 2, FALSE), "") -> Katheeri, Khalled A | BC25: CAR SEAL IMPLEMENTION | BD25: Monthly | BE25: October | BF25: A | BG25: FALSE
E26: =$S$3 -> North_Operation | F26: =IFERROR(VLOOKUP(NOR[[#This Row],[Department]], Lists!$L$4:$M$7, 2, FALSE), "") -> Katheeri, Khalled A | G26: ICV Stroking | H26: 2025 | I26: November | J26: {=IFERROR( LOOKUP( 2,1/( ('Total Annual Points'!$B$5:$B$1000=E26)* ('Total Annual Points'!$C$5:$C$1000=G26)* ('Total Annual Points'!$D$5:$D$1000=H26)* (MATCH('Total Annual Points'!$E$5:$E$1000,{"January","February","March","April","May","June","July","August","September","October","November","December"},0) <=MATCH(I26,{"January","February","March","April","May","June","July","August","September","October","November","December"},0)) ), 'Total Annual Points'!$F$5:$F$1000 ), "")} | M26: =North_Operation!$K26-North_Operation!$L26 -> 0 | AC26: =$S$3 -> North_Operation | AD26: =IFERROR(VLOOKUP(NOW[[#This Row],[Department]], Lists!$L$4:$M$7, 2, FALSE), "") -> Katheeri, Khalled A | AE26: Chemical Inventory | AF26: Weekly | AG26: WK-11 | AH26: B | AI26: FALSE | BA26: =$S$3 -> North_Operation | BB26: =IFERROR(VLOOKUP(NOM[[#This Row],[Department]], Lists!$L$4:$M$7, 2, FALSE), "") -> Katheeri, Khalled A | BC26: CAR SEAL IMPLEMENTION | BD26: Monthly | BE26: November | BF26: B | BG26: FALSE
E27: =$S$3 -> North_Operation | F27: =IFERROR(VLOOKUP(NOR[[#This Row],[Department]], Lists!$L$4:$M$7, 2, FALSE), "") -> Katheeri, Khalled A | G27: ICV Stroking | H27: 2025 | I27: December | J27: {=IFERROR( LOOKUP( 2,1/( ('Total Annual Points'!$B$5:$B$1000=E27)* ('Total Annual Points'!$C$5:$C$1000=G27)* ('Total Annual Points'!$D$5:$D$1000=H27)* (MATCH('Total Annual Points'!$E$5:$E$1000,{"January","February","March","April","May","June","July","August","September","October","November","December"},0) <=MATCH(I27,{"January","February","March","April","May","June","July","August","September","October","November","December"},0)) ), 'Total Annual Points'!$F$5:$F$1000 ), "")} | M27: =North_Operation!$K27-North_Operation!$L27 -> 0 | AC27: =$S$3 -> North_Operation | AD27: =IFERROR(VLOOKUP(NOW[[#This Row],[Department]], Lists!$L$4:$M$7, 2, FALSE), "") -> Katheeri, Khalled A | AE27: Chemical Inventory | AF27: Weekly | AG27: WK-12 | AH27: C | AI27: FALSE | BA27: =$S$3 -> North_Operation | BB27: =IFERROR(VLOOKUP(NOM[[#This Row],[Department]], Lists!$L$4:$M$7, 2, FALSE), "") -> Katheeri, Khalled A | BC27: CAR SEAL IMPLEMENTION | BD27: Monthly | BE27: December | BF27: C | BG27: FALSE
E28: =$S$3 -> North_Operation | F28: =IFERROR(VLOOKUP(NOR[[#This Row],[Department]], Lists!$L$4:$M$7, 2, FALSE), "") -> Katheeri, Khalled A | G28: PDHMS | H28: 2025 | I28: January | J28: {=IFERROR( LOOKUP( 2,1/( ('Total Annual Points'!$B$5:$B$1000=E28)* ('Total Annual Points'!$C$5:$C$1000=G28)* ('Total Annual Points'!$D$5:$D$1000=H28)* (MATCH('Total Annual Points'!$E$5:$E$1000,{"January","February","March","April","May","June","July","August","September","October","November","December"},0) <=MATCH(I28,{"January","February","March","April","May","June","July","August","September","October","November","December"},0)) ), 'Total Annual Points'!$F$5:$F$1000 ), "")} | M28: =North_Operation!$K28-North_Operation!$L28 -> 0 | AC28: =$S$3 -> North_Operation | AD28: =IFERROR(VLOOKUP(NOW[[#This Row],[Department]], Lists!$L$4:$M$7, 2, FALSE), "") -> Katheeri, Khalled A | AE28: Chemical Inventory | AF28: Weekly | AG28: WK-13 | AH28: A | AI28: FALSE | BA28: =$S$3 -> North_Operation | BB28: =IFERROR(VLOOKUP(NOM[[#This Row],[Department]], Lists!$L$4:$M$7, 2, FALSE), "") -> Katheeri, Khalled A | BC28: CHEMICAL RV | BD28: Monthly | BE28: January | BF28: A | BG28: FALSE
E29: =$S$3 -> North_Operation | F29: =IFERROR(VLOOKUP(NOR[[#This Row],[Department]], Lists!$L$4:$M$7, 2, FALSE), "") -> Katheeri, Khalled A | G29: PDHMS | H29: 2025 | I29: February | J29: {=IFERROR( LOOKUP( 2,1/( ('Total Annual Points'!$B$5:$B$1000=E29)* ('Total Annual Points'!$C$5:$C$1000=G29)* ('Total Annual Points'!$D$5:$D$1000=H29)* (MATCH('Total Annual Points'!$E$5:$E$1000,{"January","February","March","April","May","June","July","August","September","October","November","December"},0) <=MATCH(I29,{"January","February","March","April","May","June","July","August","September","October","November","December"},0)) ), 'Total Annual Points'!$F$5:$F$1000 ), "")} | M29: =North_Operation!$K29-North_Operation!$L29 -> 0 | AC29: =$S$3 -> North_Operation | AD29: =IFERROR(VLOOKUP(NOW[[#This Row],[Department]], Lists!$L$4:$M$7, 2, FALSE), "") -> Katheeri, Khalled A | AE29: Chemical Inventory | AF29: Weekly | AG29: WK-14 | AH29: B | AI29: FALSE | BA29: =$S$3 -> North_Operation | BB29: =IFERROR(VLOOKUP(NOM[[#This Row],[Department]], Lists!$L$4:$M$7, 2, FALSE), "") -> Katheeri, Khalled A | BC29: CHEMICAL RV | BD29: Monthly | BE29: February | BF29: B | BG29: FALSE
E30: =$S$3 -> North_Operation | F30: =IFERROR(VLOOKUP(NOR[[#This Row],[Department]], Lists!$L$4:$M$7, 2, FALSE), "") -> Katheeri, Khalled A | G30: PDHMS | H30: 2025 | I30: March | J30: {=IFERROR( LOOKUP( 2,1/( ('Total Annual Points'!$B$5:$B$1000=E30)* ('Total Annual Points'!$C$5:$C$1000=G30)* ('Total Annual Points'!$D$5:$D$1000=H30)* (MATCH('Total Annual Points'!$E$5:$E$1000,{"January","February","March","April","May","June","July","August","September","October","November","December"},0) <=MATCH(I30,{"January","February","March","April","May","June","July","August","September","October","November","December"},0)) ), 'Total Annual Points'!$F$5:$F$1000 ), "")} | M30: =North_Operation!$K30-North_Operation!$L30 -> 0 | AC30: =$S$3 -> North_Operation | AD30: =IFERROR(VLOOKUP(NOW[[#This Row],[Department]], Lists!$L$4:$M$7, 2, FALSE), "") -> Katheeri, Khalled A | AE30: Chemical Inventory | AF30: Weekly | AG30: WK-15 | AH30: C | AI30: FALSE | BA30: =$S$3 -> North_Operation | BB30: =IFERROR(VLOOKUP(NOM[[#This Row],[Department]], Lists!$L$4:$M$7, 2, FALSE), "") -> Katheeri, Khalled A | BC30: CHEMICAL RV | BD30: Monthly | BE30: March | BF30: C | BG30: FALSE
E31: =$S$3 -> North_Operation | F31: =IFERROR(VLOOKUP(NOR[[#This Row],[Department]], Lists!$L$4:$M$7, 2, FALSE), "") -> Katheeri, Khalled A | G31: PDHMS | H31: 2025 | I31: April | J31: {=IFERROR( LOOKUP( 2,1/( ('Total Annual Points'!$B$5:$B$1000=E31)* ('Total Annual Points'!$C$5:$C$1000=G31)* ('Total Annual Points'!$D$5:$D$1000=H31)* (MATCH('Total Annual Points'!$E$5:$E$1000,{"January","February","March","April","May","June","July","August","September","October","November","December"},0) <=MATCH(I31,{"January","February","March","April","May","June","July","August","September","October","November","December"},0)) ), 'Total Annual Points'!$F$5:$F$1000 ), "")} | M31: =North_Operation!$K31-North_Operation!$L31 -> 0 | AC31: =$S$3 -> North_Operation | AD31: =IFERROR(VLOOKUP(NOW[[#This Row],[Department]], Lists!$L$4:$M$7, 2, FALSE), "") -> Katheeri, Khalled A | AE31: Chemical Inventory | AF31: Weekly | AG31: WK-16 | AH31: A | AI31: FALSE | BA31: =$S$3 -> North_Operation | BB31: =IFERROR(VLOOKUP(NOM[[#This Row],[Department]], Lists!$L$4:$M$7, 2, FALSE), "") -> Katheeri, Khalled A | BC31: CHEMICAL RV | BD31: Monthly | BE31: April | BF31: A | BG31: FALSE
E32: =$S$3 -> North_Operation | F32: =IFERROR(VLOOKUP(NOR[[#This Row],[Department]], Lists!$L$4:$M$7, 2, FALSE), "") -> Katheeri, Khalled A | G32: PDHMS | H32: 2025 | I32: May | J32: {=IFERROR( LOOKUP( 2,1/( ('Total Annual Points'!$B$5:$B$1000=E32)* ('Total Annual Points'!$C$5:$C$1000=G32)* ('Total Annual Points'!$D$5:$D$1000=H32)* (MATCH('Total Annual Points'!$E$5:$E$1000,{"January","February","March","April","May","June","July","August","September","October","November","December"},0) <=MATCH(I32,{"January","February","March","April","May","June","July","August","September","October","November","December"},0)) ), 'Total Annual Points'!$F$5:$F$1000 ), "")} | M32: =North_Operation!$K32-North_Operation!$L32 -> 0 | AC32: =$S$3 -> North_Operation | AD32: =IFERROR(VLOOKUP(NOW[[#This Row],[Department]], Lists!$L$4:$M$7, 2, FALSE), "") -> Katheeri, Khalled A | AE32: Chemical Inventory | AF32: Weekly | AG32: WK-17 | AH32: B | AI32: FALSE | BA32: =$S$3 -> North_Operation | BB32: =IFERROR(VLOOKUP(NOM[[#This Row],[Department]], Lists!$L$4:$M$7, 2, FALSE), "") -> Katheeri, Khalled A | BC32: CHEMICAL RV | BD32: Monthly | BE32: May | BF32: B | BG32: FALSE
... E51: =$S$3 -> North_Operation | F51: =IFERROR(VLOOKUP(NOR[[#This Row],[Department]], Lists!$L$4:$M$7, 2, FALSE), "") -> Katheeri, Khalled A | G51: Well Testing | H51: 2025 | I51: December | J51: {=IFERROR( LOOKUP( 2,1/( ('Total Annual Points'!$B$5:$B$1000=E51)* ('Total Annual Points'!$C$5:$C$1000=G51)* ('Total Annual Points'!$D$5:$D$1000=H51)* (MATCH('Total Annual Points'!$E$5:$E$1000,{"January","February","March","April","May","June","July","August","September","October","November","December"},0) <=MATCH(I51,{"January","February","March","April","May","June","July","August","September","October","November","December"},0)) ), 'Total Annual Points'!$F$5:$F$1000 ), "")} | M51: =North_Operation!$K51-North_Operation!$L51 -> 0 | AC51: =$S$3 -> North_Operation | AD51: =IFERROR(VLOOKUP(NOW[[#This Row],[Department]], Lists!$L$4:$M$7, 2, FALSE), "") -> Katheeri, Khalled A | AE51: Chemical Inventory | AF51: Weekly | AG51: WK-36 | AH51: C | AI51: FALSE | BA51: =$S$3 -> North_Operation | BB51: =IFERROR(VLOOKUP(NOM[[#This Row],[Department]], Lists!$L$4:$M$7, 2, FALSE), "") -> Katheeri, Khalled A | BC51: Emergency Light | BD51: Monthly | BE51: December | BF51: C | BG51: FALSE
E52: =$S$3 -> North_Operation | F52: =IFERROR(VLOOKUP(NOR[[#This Row],[Department]], Lists!$L$4:$M$7, 2, FALSE), "") | J52: {=IFERROR( LOOKUP( 2,1/( ('Total Annual Points'!$B$5:$B$1000=E52)* ('Total Annual Points'!$C$5:$C$1000=G52)* ('Total Annual Points'!$D$5:$D$1000=H52)* (MATCH('Total Annual Points'!$E$5:$E$1000,{"January","February","March","April","May","June","July","August","September","October","November","December"},0) <=MATCH(I52,{"January","February","March","April","May","June","July","August","September","October","November","December"},0)) ), 'Total Annual Points'!$F$5:$F$1000 ), "")} | AC52: =$S$3 -> North_Operation | AD52: =IFERROR(VLOOKUP(NOW[[#This Row],[Department]], Lists!$L$4:$M$7, 2, FALSE), "") -> Katheeri, Khalled A | AE52: Chemical Inventory | AF52: Weekly | AG52: WK-37 | AH52: A | AI52: FALSE | BA52: =$S$3 -> North_Operation | BB52: =IFERROR(VLOOKUP(NOM[[#This Row],[Department]], Lists!$L$4:$M$7, 2, FALSE), "") -> Katheeri, Khalled A | BC52: FIRE DETECTION & ALARM SYSTEIM | BD52: Monthly | BE52: January | BF52: A | BG52: FALSE
E53: =$S$3 -> North_Operation | F53: =IFERROR(VLOOKUP(NOR[[#This Row],[Department]], Lists!$L$4:$M$7, 2, FALSE), "") | J53: {=IFERROR( LOOKUP( 2,1/( ('Total Annual Points'!$B$5:$B$1000=E53)* ('Total Annual Points'!$C$5:$C$1000=G53)* ('Total Annual Points'!$D$5:$D$1000=H53)* (MATCH('Total Annual Points'!$E$5:$E$1000,{"January","February","March","April","May","June","July","August","September","October","November","December"},0) <=MATCH(I53,{"January","February","March","April","May","June","July","August","September","October","November","December"},0)) ), 'Total Annual Points'!$F$5:$F$1000 ), "")} | AC53: =$S$3 -> North_Operation | AD53: =IFERROR(VLOOKUP(NOW[[#This Row],[Department]], Lists!$L$4:$M$7, 2, FALSE), "") -> Katheeri, Khalled A | AE53: Chemical Inventory | AF53: Weekly | AG53: WK-38 | AH53: B | AI53: FALSE | BA53: =$S$3 -> North_Operation | BB53: =IFERROR(VLOOKUP(NOM[[#This Row],[Department]], Lists!$L$4:$M$7, 2, FALSE), "") -> Katheeri, Khalled A | BC53: FIRE DETECTION & ALARM SYSTEIM | BD53: Monthly | BE53: February | BF53: B | BG53: FALSE
E54: =$S$3 -> North_Operation | F54: =IFERROR(VLOOKUP(NOR[[#This Row],[Department]], Lists!$L$4:$M$7, 2, FALSE), "") | J54: {=IFERROR( LOOKUP( 2,1/( ('Total Annual Points'!$B$5:$B$1000=E54)* ('Total Annual Points'!$C$5:$C$1000=G54)* ('Total Annual Points'!$D$5:$D$1000=H54)* (MATCH('Total Annual Points'!$E$5:$E$1000,{"January","February","March","April","May","June","July","August","September","October","November","December"},0) <=MATCH(I54,{"January","February","March","April","May","June","July","August","September","October","November","December"},0)) ), 'Total Annual Points'!$F$5:$F$1000 ), "")} | AC54: =$S$3 -> North_Operation | AD54: =IFERROR(VLOOKUP(NOW[[#This Row],[Department]], Lists!$L$4:$M$7, 2, FALSE), "") -> Katheeri, Khalled A | AE54: Chemical Inventory | AF54: Weekly | AG54: WK-39 | AH54: C | AI54: FALSE | BA54: =$S$3 -> North_Operation | BB54: =IFERROR(VLOOKUP(NOM[[#This Row],[Department]], Lists!$L$4:$M$7, 2, FALSE), "") -> Katheeri, Khalled A | BC54: FIRE DETECTION & ALARM SYSTEIM | BD54: Monthly | BE54: March | BF54: C | BG54: FALSE
J55: {=IFERROR( LOOKUP( 2,1/( ('Total Annual Points'!$B$5:$B$1000=E55)* ('Total Annual Points'!$C$5:$C$1000=G55)* ('Total Annual Points'!$D$5:$D$1000=H55)* (MATCH('Total Annual Points'!$E$5:$E$1000,{"January","February","March","April","May","June","July","August","September","October","November","December"},0) <=MATCH(I55,{"January","February","March","April","May","June","July","August","September","October","November","December"},0)) ), 'Total Annual Points'!$F$5:$F$1000 ), "")} | AC55: =$S$3 -> North_Operation | AD55: =IFERROR(VLOOKUP(NOW[[#This Row],[Department]], Lists!$L$4:$M$7, 2, FALSE), "") -> Katheeri, Khalled A | AE55: Chemical Inventory | AF55: Weekly | AG55: WK-40 | AH55: A | AI55: FALSE | BA55: =$S$3 -> North_Operation | BB55: =IFERROR(VLOOKUP(NOM[[#This Row],[Department]], Lists!$L$4:$M$7, 2, FALSE), "") -> Katheeri, Khalled A | BC55: FIRE DETECTION & ALARM SYSTEIM | BD55: Monthly | BE55: April | BF55: A | BG55: FALSE
J56: {=IFERROR( LOOKUP( 2,1/( ('Total Annual Points'!$B$5:$B$1000=E56)* ('Total Annual Points'!$C$5:$C$1000=G56)* ('Total Annual Points'!$D$5:$D$1000=H56)* (MATCH('Total Annual Points'!$E$5:$E$1000,{"January","February","March","April","May","June","July","August","September","October","November","December"},0) <=MATCH(I56,{"January","February","March","April","May","June","July","August","September","October","November","December"},0)) ), 'Total Annual Points'!$F$5:$F$1000 ), "")} | AC56: =$S$3 -> North_Operation | AD56: =IFERROR(VLOOKUP(NOW[[#This Row],[Department]], Lists!$L$4:$M$7, 2, FALSE), "") -> Katheeri, Khalled A | AE56: Chemical Inventory | AF56: Weekly | AG56: WK-41 | AH56: B | AI56: FALSE | BA56: =$S$3 -> North_Operation | BB56: =IFERROR(VLOOKUP(NOM[[#This Row],[Department]], Lists!$L$4:$M$7, 2, FALSE), "") -> Katheeri, Khalled A | BC56: FIRE DETECTION & ALARM SYSTEIM | BD56: Monthly | BE56: May | BF56: B | BG56: FALSE
J57: {=IFERROR( LOOKUP( 2,1/( ('Total Annual Points'!$B$5:$B$1000=E57)* ('Total Annual Points'!$C$5:$C$1000=G57)* ('Total Annual Points'!$D$5:$D$1000=H57)* (MATCH('Total Annual Points'!$E$5:$E$1000,{"January","February","March","April","May","June","July","August","September","October","November","December"},0) <=MATCH(I57,{"January","February","March","April","May","June","July","August","September","October","November","December"},0)) ), 'Total Annual Points'!$F$5:$F$1000 ), "")} | AC57: =$S$3 -> North_Operation | AD57: =IFERROR(VLOOKUP(NOW[[#This Row],[Department]], Lists!$L$4:$M$7, 2, FALSE), "") -> Katheeri, Khalled A | AE57: Chemical Inventory | AF57: Weekly | AG57: WK-42 | AH57: C | AI57: FALSE | BA57: =$S$3 -> North_Operation | BB57: =IFERROR(VLOOKUP(NOM[[#This Row],[Department]], Lists!$L$4:$M$7, 2, FALSE), "") -> Katheeri, Khalled A | BC57: FIRE DETECTION & ALARM SYSTEIM | BD57: Monthly | BE57: June | BF57: C | BG57: FALSE
J58: {=IFERROR( LOOKUP( 2,1/( ('Total Annual Points'!$B$5:$B$1000=E58)* ('Total Annual Points'!$C$5:$C$1000=G58)* ('Total Annual Points'!$D$5:$D$1000=H58)* (MATCH('Total Annual Points'!$E$5:$E$1000,{"January","February","March","April","May","June","July","August","September","October","November","December"},0) <=MATCH(I58,{"January","February","March","April","May","June","July","August","September","October","November","December"},0)) ), 'Total Annual Points'!$F$5:$F$1000 ), "")} | AC58: =$S$3 -> North_Operation | AD58: =IFERROR(VLOOKUP(NOW[[#This Row],[Department]], Lists!$L$4:$M$7, 2, FALSE), "") -> Katheeri, Khalled A | AE58: Chemical Inventory | AF58: Weekly | AG58: WK-43 | AH58: A | AI58: FALSE | BA58: =$S$3 -> North_Operation | BB58: =IFERROR(VLOOKUP(NOM[[#This Row],[Department]], Lists!$L$4:$M$7, 2, FALSE), "") -> Katheeri, Khalled A | BC58: FIRE DETECTION & ALARM SYSTEIM | BD58: Monthly | BE58: July | BF58: A | BG58: FALSE
J59: {=IFERROR( LOOKUP( 2,1/( ('Total Annual Points'!$B$5:$B$1000=E59)* ('Total Annual Points'!$C$5:$C$1000=G59)* ('Total Annual Points'!$D$5:$D$1000=H59)* (MATCH('Total Annual Points'!$E$5:$E$1000,{"January","February","March","April","May","June","July","August","September","October","November","December"},0) <=MATCH(I59,{"January","February","March","April","May","June","July","August","September","October","November","December"},0)) ), 'Total Annual Points'!$F$5:$F$1000 ), "")} | AC59: =$S$3 -> North_Operation | AD59: =IFERROR(VLOOKUP(NOW[[#This Row],[Department]], Lists!$L$4:$M$7, 2, FALSE), "") -> Katheeri, Khalled A | AE59: Chemical Inventory | AF59: Weekly | AG59: WK-44 | AH59: B | AI59: FALSE | BA59: =$S$3 -> North_Operation | BB59: =IFERROR(VLOOKUP(NOM[[#This Row],[Department]], Lists!$L$4:$M$7, 2, FALSE), "") -> Katheeri, Khalled A | BC59: FIRE DETECTION & ALARM SYSTEIM | BD59: Monthly | BE59: August | BF59: B | BG59: FALSE
J60: {=IFERROR( LOOKUP( 2,1/( ('Total Annual Points'!$B$5:$B$1000=E60)* ('Total Annual Points'!$C$5:$C$1000=G60)* ('Total Annual Points'!$D$5:$D$1000=H60)* (MATCH('Total Annual Points'!$E$5:$E$1000,{"January","February","March","April","May","June","July","August","September","October","November","December"},0) <=MATCH(I60,{"January","February","March","April","May","June","July","August","September","October","November","December"},0)) ), 'Total Annual Points'!$F$5:$F$1000 ), "")} | AC60: =$S$3 -> North_Operation | AD60: =IFERROR(VLOOKUP(NOW[[#This Row],[Department]], Lists!$L$4:$M$7, 2, FALSE), "") -> Katheeri, Khalled A | AE60: Chemical Inventory | AF60: Weekly | AG60: WK-45 | AH60: C | AI60: FALSE | BA60: =$S$3 -> North_Operation | BB60: =IFERROR(VLOOKUP(NOM[[#This Row],[Department]], Lists!$L$4:$M$7, 2, FALSE), "") -> Katheeri, Khalled A | BC60: FIRE DETECTION & ALARM SYSTEIM | BD60: Monthly | BE60: September | BF60: C | BG60: FALSE
J61: {=IFERROR( LOOKUP( 2,1/( ('Total Annual Points'!$B$5:$B$1000=E61)* ('Total Annual Points'!$C$5:$C$1000=G61)* ('Total Annual Points'!$D$5:$D$1000=H61)* (MATCH('Total Annual Points'!$E$5:$E$1000,{"January","February","March","April","May","June","July","August","September","October","November","December"},0) <=MATCH(I61,{"January","February","March","April","May","June","July","August","September","October","November","December"},0)) ), 'Total Annual Points'!$F$5:$F$1000 ), "")} | AC61: =$S$3 -> North_Operation | AD61: =IFERROR(VLOOKUP(NOW[[#This Row],[Department]], Lists!$L$4:$M$7, 2, FALSE), "") -> Katheeri, Khalled A | AE61: Chemical Inventory | AF61: Weekly | AG61: WK-46 | AH61: A | AI61: FALSE | BA61: =$S$3 -> North_Operation | BB61: =IFERROR(VLOOKUP(NOM[[#This Row],[Department]], Lists!$L$4:$M$7, 2, FALSE), "") -> Katheeri, Khalled A | BC61: FIRE DETECTION & ALARM SYSTEIM | BD61: Monthly | BE61: October | BF61: A | BG61: FALSE
